INSERT IGNORE INTO Indirizzo(codInd, citta, via, civico, CAP) VALUES 
(88778, 'San Rita sardo', 'Rotonda Tullio', '5', 25201), 
(68267, 'Sesto Geronimo', 'Contrada Leone', '95', 85175), 
(79084, 'Oreste del friuli', 'Via Iolanda', '025', 55000), 
(67939, 'Babbo laziale', 'Canale Gozzano', '422', 35130), 
(58326, 'Lercari calabro', 'Canale Benedetti', '524', 51427), 
(60000, 'Goffredo salentino', 'Via Ravaglioli', '70', 93494), 
(56707, 'Sesto Monica', 'Rotonda Gemma', '531', 15059), 
(23195, 'Melissa laziale', 'Via Gagliano', '27', 43669), 
(12180, 'Settimo Gaetano', 'Incrocio Pavone', '93', 20925), 
(23130, 'Sesto Carlo', 'Strada Argan', '38', 81643), 
(84815, 'Ludovico salentino', 'Contrada Sagnelli', '81', 89908), 
(73029, "Settimo Ivan nell'emilia", 'Stretto Enzo', '297', 12745), 
(19999, 'Quarto Chiara', 'Piazza Claudio', '3', 43354), 
(36859, "Paganini nell'emilia", 'Contrada Mazzocchi', '445', 29002), 
(77667, 'Settimo Geronimo a mare', 'Rotonda Gianna', '0', 25888), 
(14577, 'Settimo Raffaele', 'Strada Rossana', '546', 76866), 
(83268, 'Sesto Nedda', 'Canale Grossi', '428', 45779), 
(47774, "Prada nell'emilia", 'Vicolo Tebaldi', '0', 10488), 
(44001, 'Moccia terme', 'Stretto Rosalia', '906', 22721), 
(90495, 'Pasquale terme', 'Contrada Carfagna', '20', 79454), 
(11817, 'San Maria terme', 'Incrocio Goffredo', '8', 14038), 
(49301, 'Borgo Ranieri', 'Canale Eraldo', '57', 10960), 
(50513, "Sesto Salvi nell'emilia", 'Canale Michela', '32', 39344) ;
INSERT IGNORE INTO MembroTroupe(CF, nome, cognome, iban, dataNascita, telefono, codInd) VALUES 
('PSNRND21T18L219D', 'Pisani', 'Armando', 'IT52T4073364372169841050132', '2021-12-18', '+39 0957 96055550', 88778),
('LNZBNC21T28L219M', 'Alonzi', 'Bianca', 'IT84Q0829275003689989475799', '2021-12-28', '+39 4365 1254359', 68267),
('CRLLSS21T29L219S', 'Curiel', 'Alessio', 'IT02Y6950798155843678067874', '2021-12-29', '+39 788 6596175', 79084),
('VNZGNT21T19L219P', 'Veneziano', 'Gionata', 'IT40P2225265994062519204972', '2021-12-19', '+39 974 33177469', 67939),
('PDRSNN21T18L219N', 'Pederiva', 'Susanna', 'IT82B4821483133348332706695', '2021-12-18', '+39 260 51 41 6650', 58326),
('MNCLNA22D01L219P', 'Manacorda', 'Alina', 'IT45R1624543190506488296681', '2022-01-04', '+39 74 3083371', 60000),
('PCLMCL21T31L219U', 'Pacillo', 'Marcella', 'IT79U7086490920341746171523', '2021-12-31', '+39 95 81382569', 56707),
('NTNBRT21T18L219J', 'Antonacci', 'Uberto', 'IT25L3895878165404089038452', '2021-12-18', '+39 8354 0857174', 23195),
('STRCRD21T27L219Z', 'Strangio', 'Corrado', 'IT91H6652458318502274515721', '2021-12-27', '+39 587 0337032', 12180),
('MLDNZE22E01L219A', 'Amaldi', 'Enzio', 'IT33F5333143267861933670887', '2022-01-05', '+39 94 2824734', 23130),
('BRSTTR21T31L219K', 'Barese', 'Ettore', 'IT51Y8004018460932824887295', '2021-12-31', '+39 8869 20896184', 84815),
('PRLGPR21T15L219S', 'Priuli', 'Giampiero', 'IT81K8106952805758186619759', '2021-12-15', '+39 4073 13578330', 73029),
('GRFGLL22R01L219P', 'Grifeo', 'Guglielmo', 'IT66P0626803444107594864724', '2022-01-10', '+39 13 71759682', 19999),
('LMBRSO21T26L219E', 'Lombroso', 'Rosa', 'IT11V6919290482250507730880', '2021-12-26', '+39 808 25343592', 36859),
('VNDLCU21T26L219L', 'Venditti', 'Lucia', 'IT84L0563270229956653884083', '2021-12-26', '+39 0399 5231195', 77667),
('DLLLNA21T19L219D', 'Delle', 'Alina', 'IT48V7455366662476744917907', '2021-12-19', '+39 321 42 53 0127', 14577),
('NCLPLG22P01L219V', 'Nicolucci', 'Pierluigi', 'IT24D5926931881509094728791', '2022-01-09', '+39 22 6010560', 83268),
('GRTRSN22H01L219U', 'Gritti', 'Rossana', 'IT24Q3435094045707451622058', '2022-01-06', '+39 138 94 86 2694', 47774),
('VCLFDL21T19L219P', 'Vecoli', 'Fedele', 'IT16X0590676489102382725891', '2021-12-19', '+39 252 23735185', 44001);
INSERT IGNORE INTO RuoloMembroTroupe(CF, nomeRuolo) VALUES 
('PSNRND21T18L219D', 'sceneggiatore'),
('LNZBNC21T28L219M', 'produttore esecutivo'),
('CRLLSS21T29L219S', 'produttore esecutivo'),
('VNZGNT21T19L219P', 'capo regista'),
('PDRSNN21T18L219N', 'attore'),
('MNCLNA22D01L219P', 'sceneggiatore'),
('PCLMCL21T31L219U', 'operatore fotografico'),
('NTNBRT21T18L219J', 'operatore fonico'),
('STRCRD21T27L219Z', 'operatore fotografico'),
('MLDNZE22E01L219A', 'produttore esecutivo'),
('BRSTTR21T31L219K', 'produttore'),
('PRLGPR21T15L219S', 'attore'),
('GRFGLL22R01L219P', 'aiuto regista'),
('LMBRSO21T26L219E', 'capo regista'),
('VNDLCU21T26L219L', 'operatore fonico'),
('DLLLNA21T19L219D', 'capo regista'),
('NCLPLG22P01L219V', 'aiuto regista'),
('GRTRSN22H01L219U', 'operatore fotografico'),
('VCLFDL21T19L219P', 'capo regista');
INSERT IGNORE INTO Film_Membro_Troupe(codF, CF) VALUES 
(2, 'PSNRND21T18L219D'),
(2, 'LNZBNC21T28L219M'),
(2, 'CRLLSS21T29L219S'),
(2, 'VNZGNT21T19L219P'),
(2, 'PDRSNN21T18L219N'),
(2, 'MNCLNA22D01L219P'),
(2, 'PCLMCL21T31L219U'),
(2, 'NTNBRT21T18L219J'),
(2, 'STRCRD21T27L219Z'),
(2, 'MLDNZE22E01L219A'),
(2, 'BRSTTR21T31L219K'),
(2, 'PRLGPR21T15L219S'),
(2, 'GRFGLL22R01L219P'),
(2, 'LMBRSO21T26L219E'),
(2, 'VNDLCU21T26L219L'),
(2, 'DLLLNA21T19L219D'),
(2, 'NCLPLG22P01L219V'),
(2, 'GRTRSN22H01L219U'),
(2, 'VCLFDL21T19L219P');
INSERT IGNORE INTO ScenaCiak(codScena, noteDiProduzione, rullo, numRiprese, durataOre, costoAffittoGiornaliero, codF) VALUES
 (59769, 'Scena n. 0', 50, 402, 194, 50, 2),
 (46126, 'Scena n. 1', 71, 756, 531, 60, 2),
 (80850, 'Scena n. 2', 51, 409, 659, 46, 2),
 (53736, 'Scena n. 3', 52, 290, 326, 58, 2),
 (43558, 'Scena n. 4', 16, 957, 602, 85, 2),
 (93543, 'Scena n. 5', 82, 152, 564, 58, 2),
 (76358, 'Scena n. 6', 91, 148, 798, 76, 2),
 (15857, 'Scena n. 7', 87, 276, 196, 39, 2),
 (91025, 'Scena n. 8', 74, 263, 413, 50, 2),
 (57372, 'Scena n. 9', 92, 622, 126, 85, 2),
 (37039, 'Scena n. 10', 87, 790, 619, 82, 2),
 (10244, 'Scena n. 11', 27, 278, 654, 60, 2),
 (48495, 'Scena n. 12', 78, 612, 233, 56, 2),
 (45396, 'Scena n. 13', 87, 333, 416, 24, 2),
 (68207, 'Scena n. 14', 55, 912, 939, 40, 2),
 (26716, 'Scena n. 15', 99, 641, 896, 83, 2),
 (58444, 'Scena n. 16', 16, 661, 757, 88, 2),
 (93173, 'Scena n. 17', 52, 926, 146, 57, 2),
 (22392, 'Scena n. 18', 61, 385, 486, 14, 2);
INSERT IGNORE INTO MembroTroupeScena(codScena ,CF) VALUES 
(59769, 'MNCLNA22D01L219P'),
(59769, 'PDRSNN21T18L219N'),
(59769, 'CRLLSS21T29L219S'),
(59769, 'GRFGLL22R01L219P'),
(46126, 'BRSTTR21T31L219K'),
(46126, 'PRLGPR21T15L219S'),
(46126, 'MNCLNA22D01L219P'),
(46126, 'PRLGPR21T15L219S'),
(80850, 'CRLLSS21T29L219S'),
(80850, 'GRTRSN22H01L219U'),
(80850, 'GRTRSN22H01L219U'),
(80850, 'PCLMCL21T31L219U'),
(53736, 'PRLGPR21T15L219S'),
(53736, 'PCLMCL21T31L219U'),
(53736, 'PRLGPR21T15L219S'),
(53736, 'GRFGLL22R01L219P'),
(43558, 'LMBRSO21T26L219E'),
(43558, 'BRSTTR21T31L219K'),
(43558, 'CRLLSS21T29L219S'),
(43558, 'VNDLCU21T26L219L'),
(93543, 'VNDLCU21T26L219L'),
(93543, 'PDRSNN21T18L219N'),
(93543, 'VNZGNT21T19L219P'),
(93543, 'VNZGNT21T19L219P'),
(76358, 'GRFGLL22R01L219P'),
(76358, 'NTNBRT21T18L219J'),
(76358, 'GRTRSN22H01L219U'),
(76358, 'GRFGLL22R01L219P'),
(15857, 'NCLPLG22P01L219V'),
(15857, 'PRLGPR21T15L219S'),
(15857, 'STRCRD21T27L219Z'),
(15857, 'LNZBNC21T28L219M'),
(91025, 'MLDNZE22E01L219A'),
(91025, 'VNZGNT21T19L219P'),
(91025, 'MLDNZE22E01L219A'),
(91025, 'BRSTTR21T31L219K'),
(57372, 'VNDLCU21T26L219L'),
(57372, 'DLLLNA21T19L219D'),
(57372, 'LNZBNC21T28L219M'),
(57372, 'STRCRD21T27L219Z'),
(37039, 'VCLFDL21T19L219P'),
(37039, 'STRCRD21T27L219Z'),
(37039, 'GRFGLL22R01L219P'),
(37039, 'NCLPLG22P01L219V'),
(10244, 'DLLLNA21T19L219D'),
(10244, 'NTNBRT21T18L219J'),
(10244, 'LNZBNC21T28L219M'),
(10244, 'BRSTTR21T31L219K'),
(48495, 'GRFGLL22R01L219P'),
(48495, 'PCLMCL21T31L219U'),
(48495, 'NTNBRT21T18L219J'),
(48495, 'DLLLNA21T19L219D'),
(45396, 'GRFGLL22R01L219P'),
(45396, 'PCLMCL21T31L219U'),
(45396, 'DLLLNA21T19L219D'),
(45396, 'VNDLCU21T26L219L'),
(68207, 'LMBRSO21T26L219E'),
(68207, 'VCLFDL21T19L219P'),
(68207, 'DLLLNA21T19L219D'),
(68207, 'PRLGPR21T15L219S'),
(26716, 'PRLGPR21T15L219S'),
(26716, 'VNDLCU21T26L219L'),
(26716, 'CRLLSS21T29L219S'),
(26716, 'BRSTTR21T31L219K'),
(58444, 'VCLFDL21T19L219P'),
(58444, 'PSNRND21T18L219D'),
(58444, 'MLDNZE22E01L219A'),
(58444, 'LNZBNC21T28L219M'),
(93173, 'PCLMCL21T31L219U'),
(93173, 'PDRSNN21T18L219N'),
(93173, 'PRLGPR21T15L219S'),
(93173, 'PCLMCL21T31L219U'),
(22392, 'PSNRND21T18L219D'),
(22392, 'NCLPLG22P01L219V'),
(22392, 'NCLPLG22P01L219V'),
(22392, 'PDRSNN21T18L219N');
INSERT IGNORE INTO Sponsor(P_IVA_SPONSOR, nome) VALUES 
('IT19D3430199509971633844264', 'Adobe');
INSERT IGNORE INTO Finanziatore(P_IVA_FINANZIATORE, nome,codInd ,percentualeGuadagno) VALUES
 ('IT85K7387785972339494579648', 'Johnson & Johnson', 90495, 0.4917966550453141),
 ('IT55P6197660763806927015267', 'Alphabet', 11817, 0.5531552490939905),
 ('IT74J5566991214902335488486', 'Johnson & Johnson', 49301, 0.41956089469732283),
 ('IT60Y3610831274216305483104', 'Intel', 50513, 0.6036723523990377);
INSERT IGNORE INTO Fondo(codFondo, dataAccredito, patrimonio, P_IVA_SPONSOR, P_IVA_FINANZIATORE, codF) VALUES 
 (67815, '2008-06-25', 992159, 'NULL', 'IT85K7387785972339494579648', 2),
 (56916, '2006-02-28', 672054, 'NULL', 'IT55P6197660763806927015267', 2),
 (27992, '1972-06-10', 830256, 'NULL', 'IT74J5566991214902335488486', 2),
 (98871, '1978-08-11', 900427, 'NULL', 'IT60Y3610831274216305483104', 2);
INSERT IGNORE INTO Fondo(codFondo, dataAccredito, patrimonio, P_IVA_SPONSOR, P_IVA_FINANZIATORE, codF) VALUES 
 (31818, '2012-02-19', 349439, 'IT19D3430199509971633844264', 'NULL', 2);
INSERT IGNORE INTO MembroTroupeScena(codScena ,CF) VALUES 
 (59769, 'LNZBNC21T28L219M'),
 (59769, 'VNZGNT21T19L219P'),
 (59769, 'PCLMCL21T31L219U'),
 (59769, 'PDRSNN21T18L219N'),
 (59769, 'NCLPLG22P01L219V'),
 (46126, 'MNCLNA22D01L219P'),
 (46126, 'CRLLSS21T29L219S'),
 (46126, 'STRCRD21T27L219Z'),
 (46126, 'MLDNZE22E01L219A'),
 (46126, 'CRLLSS21T29L219S'),
 (80850, 'MLDNZE22E01L219A'),
 (80850, 'CRLLSS21T29L219S'),
 (80850, 'VCLFDL21T19L219P'),
 (80850, 'VNDLCU21T26L219L'),
 (80850, 'LMBRSO21T26L219E'),
 (53736, 'LMBRSO21T26L219E'),
 (53736, 'PDRSNN21T18L219N'),
 (53736, 'PCLMCL21T31L219U'),
 (53736, 'VCLFDL21T19L219P'),
 (53736, 'GRTRSN22H01L219U'),
 (43558, 'PSNRND21T18L219D'),
 (43558, 'BRSTTR21T31L219K'),
 (43558, 'PCLMCL21T31L219U'),
 (43558, 'DLLLNA21T19L219D'),
 (43558, 'PDRSNN21T18L219N'),
 (93543, 'CRLLSS21T29L219S'),
 (93543, 'GRFGLL22R01L219P'),
 (93543, 'VNDLCU21T26L219L'),
 (93543, 'PSNRND21T18L219D'),
 (93543, 'NTNBRT21T18L219J'),
 (76358, 'VNDLCU21T26L219L'),
 (76358, 'MNCLNA22D01L219P'),
 (76358, 'MNCLNA22D01L219P'),
 (76358, 'VNDLCU21T26L219L'),
 (76358, 'PCLMCL21T31L219U'),
 (15857, 'CRLLSS21T29L219S'),
 (15857, 'NTNBRT21T18L219J'),
 (15857, 'PSNRND21T18L219D'),
 (15857, 'PDRSNN21T18L219N'),
 (15857, 'MNCLNA22D01L219P'),
 (91025, 'MLDNZE22E01L219A'),
 (91025, 'DLLLNA21T19L219D'),
 (91025, 'PCLMCL21T31L219U'),
 (91025, 'NCLPLG22P01L219V'),
 (91025, 'LMBRSO21T26L219E'),
 (57372, 'PCLMCL21T31L219U'),
 (57372, 'NCLPLG22P01L219V'),
 (57372, 'PDRSNN21T18L219N'),
 (57372, 'VCLFDL21T19L219P'),
 (57372, 'NTNBRT21T18L219J'),
 (37039, 'MLDNZE22E01L219A'),
 (37039, 'STRCRD21T27L219Z'),
 (37039, 'LNZBNC21T28L219M'),
 (37039, 'GRTRSN22H01L219U'),
 (37039, 'VNZGNT21T19L219P'),
 (10244, 'NTNBRT21T18L219J'),
 (10244, 'GRTRSN22H01L219U'),
 (10244, 'PDRSNN21T18L219N'),
 (10244, 'NCLPLG22P01L219V'),
 (10244, 'STRCRD21T27L219Z'),
 (48495, 'MNCLNA22D01L219P'),
 (48495, 'PRLGPR21T15L219S'),
 (48495, 'CRLLSS21T29L219S'),
 (48495, 'MNCLNA22D01L219P'),
 (48495, 'LNZBNC21T28L219M'),
 (45396, 'CRLLSS21T29L219S'),
 (45396, 'GRTRSN22H01L219U'),
 (45396, 'PDRSNN21T18L219N'),
 (45396, 'PDRSNN21T18L219N'),
 (45396, 'VNDLCU21T26L219L'),
 (68207, 'CRLLSS21T29L219S'),
 (68207, 'PRLGPR21T15L219S'),
 (68207, 'NCLPLG22P01L219V'),
 (68207, 'PDRSNN21T18L219N'),
 (68207, 'GRFGLL22R01L219P'),
 (26716, 'PCLMCL21T31L219U'),
 (26716, 'VNDLCU21T26L219L'),
 (26716, 'PRLGPR21T15L219S'),
 (26716, 'VNZGNT21T19L219P'),
 (26716, 'MLDNZE22E01L219A'),
 (58444, 'DLLLNA21T19L219D'),
 (58444, 'VNDLCU21T26L219L'),
 (58444, 'LMBRSO21T26L219E'),
 (58444, 'PRLGPR21T15L219S'),
 (58444, 'VCLFDL21T19L219P'),
 (93173, 'MNCLNA22D01L219P'),
 (93173, 'VNDLCU21T26L219L'),
 (93173, 'BRSTTR21T31L219K'),
 (93173, 'PSNRND21T18L219D'),
 (93173, 'MNCLNA22D01L219P'),
 (22392, 'MLDNZE22E01L219A'),
 (22392, 'PRLGPR21T15L219S'),
 (22392, 'GRTRSN22H01L219U'),
 (22392, 'VNDLCU21T26L219L'),
 (22392, 'GRTRSN22H01L219U');
INSERT IGNORE INTO BustaPaga(codB, retribuzioneOraria, oreLavorate, mese) VALUES 
(13948, 34, 175, 'marzo'),
(40209, 37, 131, 'ottobre'),
(47527, 25, 134, 'aprile'),
(45311, 18, 198, 'luglio'),
(19770, 19, 176, 'settembre'),
(75795, 30, 171, 'febbraio'),
(98891, 49, 156, 'aprile'),
(30857, 13, 177, 'maggio'),
(18422, 29, 104, 'marzo'),
(14340, 10, 61, 'dicembre'),
(92291, 22, 96, 'marzo'),
(23822, 14, 124, 'novembre'),
(16211, 19, 196, 'luglio'),
(48005, 17, 133, 'aprile'),
(67681, 44, 192, 'ottobre'),
(35493, 40, 189, 'luglio'),
(32791, 51, 84, 'giugno'),
(82796, 38, 120, 'aprile'),
(48135, 53, 108, 'dicembre');
INSERT IGNORE INTO Retribuzione(CF, CodB) VALUES
('PSNRND21T18L219D', 13948),
('LNZBNC21T28L219M', 40209),
('CRLLSS21T29L219S', 47527),
('VNZGNT21T19L219P', 45311),
('PDRSNN21T18L219N', 19770),
('MNCLNA22D01L219P', 75795),
('PCLMCL21T31L219U', 98891),
('NTNBRT21T18L219J', 30857),
('STRCRD21T27L219Z', 18422),
('MLDNZE22E01L219A', 14340),
('BRSTTR21T31L219K', 92291),
('PRLGPR21T15L219S', 23822),
('GRFGLL22R01L219P', 16211),
('LMBRSO21T26L219E', 48005),
('VNDLCU21T26L219L', 67681),
('DLLLNA21T19L219D', 35493),
('NCLPLG22P01L219V', 32791),
('GRTRSN22H01L219U', 82796),
('VCLFDL21T19L219P', 48135);
