INSERT IGNORE INTO Indirizzo(codInd, citta, via, civico, CAP) VALUES 
(30036, 'Borgo Teresa umbro', 'Borgo Marissa', '657', 86170),
(14371, 'Vittorio lido', 'Stretto Ruggero', '2', 49940),
(55117, 'Quarto Annibale veneto', 'Viale Telesio', '9', 5395),
(93552, 'Sesto Goffredo veneto', 'Borgo Donarelli', '119', 4771),
(17726, 'Quarto Laureano', 'Contrada Platini', '96', 96821),
(22383, 'San Pierluigi', 'Viale Rosario', '7', 67328),
(43644, 'Salvo salentino', 'Contrada Dina', '171', 45059),
(86914, 'Eleanora salentino', 'Vicolo Marina', '4', 30284),
(61124, 'Settimo Delfino calabro', 'Vicolo Piazzi', '709', 93515),
(72378, "Pezzali nell'emilia", 'Canale Lara', '7', 47620),
(90018, 'Borgo Benito salentino', 'Canale Pennetta', '432', 28415),
(69600, 'Montalcini ligure', 'Canale Micheletto', '9', 99959),
(62344, 'Sesto Donato a mare', 'Piazza Silvio', '592', 73689),
(32393, 'Quarto Romolo laziale', 'Incrocio Luigi', '84', 52114),
(32462, 'Tamburello calabro', 'Viale Licia', '462', 58029),
(37212, "Franscini nell'emilia", 'Viale Ornella', '221', 74264),
(42906, 'Borgo Gianpaolo laziale', 'Vicolo Campanella', '02', 765),
(84329, 'Rita laziale', 'Rotonda Brunelleschi', '323', 86748),
(47594, 'Borgo Vittoria del friuli', 'Via Baresi', '25', 33756),
(77836, 'Costantino calabro', 'Contrada Regge', '452', 62905),
(72169, 'Sesto Giulio laziale', 'Via Monaco', '889', 94981),
(24661, 'Evangelista ligure', 'Stretto Giulio', '3', 2507),
(27646, 'Sesto Loredana del friuli', 'Via Sergius', '2', 48251),;
INSERT IGNORE INTO MembroTroupe(CF, nome, cognome, iban, dataNascita, telefono, codInd) VALUES 
('TRRLDA21T19L219H', 'Turrini', 'Aldo', 'IT56A5691001850427264973939', '2021-12-19', '+39 666 50 96 5152', 30036),
('GLLNNL22A13L219Y', 'Gullotta', 'Antonella', 'IT80O6098750707981502244335', '2022-01-13', '+39 356 92 56 4506', 14371),
('ZCCDNL22R01L219N', 'Zecchini', 'Daniele', 'IT94T2561230383864543171609', '2022-01-10', '+39 44 61847346', 55117),
('MMORGR21T25L219H', 'Omma', 'Ruggiero', 'IT12N9529342519715435766672', '2021-12-25', '+39 63 04574925', 93552),
('VNTMRA22S01L219K', 'Vento', 'Maura', 'IT17O0542623902981709248045', '2022-01-11', '+39 1549 9602264', 17726),
('MNTGHN22S01L219I', 'Montanari', 'Gioachino', 'IT90X2790409449456764877772', '2022-01-11', '+39 03 92343209', 22383),
('CNIGNT21T26L219B', 'Ciani', 'Giacinto', 'IT22X8270100593765457213501', '2021-12-26', '+39 8889 2275563', 43644),
('JCZGDI21T30L219Z', 'Jacuzzi', 'Giada', 'IT87L0061338382486924309352', '2021-12-30', '+39 283 2888192', 86914),
('MRRCSN22M01L219D', 'Murri', 'Cassandra', 'IT64U4621966487312108501964', '2022-01-08', '+39 346 34728627', 61124),
('PDVCLL21T31L219Q', 'Padovano', 'Cirillo', 'IT46C3814708712971495182293', '2021-12-31', '+39 85 26028436', 72378),
('MSSNNI21T22L219Y', 'Missoni', 'Nina', 'IT20R3182462279419753944405', '2021-12-22', '+39 406 3519785', 90018),
('GLNPPL22H01L219H', 'Golino', 'Pierpaolo', 'IT07C7044988871410447528949', '2022-01-06', '+39 089 6519255', 69600),
('MRNNTN21T25L219M', 'Marenzio', 'Antonio', 'IT43Q1013560004452615974013', '2021-12-25', '+39 974 3724876', 62344),
('PLNRBR22D01L219Q', 'Paolini', 'Rembrandt', 'IT69P7035503819281721923948', '2022-01-04', '+39 6120 6901253', 32393),
('RGGLRZ22S01L219A', 'Ruggeri', 'Lucrezia', 'IT81F2847189029010647994314', '2022-01-11', '+39 80 4549918', 32462),
('BVLLNE22L01L219F', 'Bevilacqua', 'Elena', 'IT86W0342675181145067619642', '2022-01-07', '+39 8397 7211481', 37212),
('BLSMLT21T21L219O', 'Blasi', 'Amleto', 'IT55P9681938359332978293324', '2021-12-21', '+39 0615 15321213', 42906),
('SNNVLR22A15L219R', 'Sonnino', 'Valeria', 'IT72Y9918870497270189839224', '2022-01-15', '+39 656 3040906', 84329),
('CMNLRN22A01L219L', 'Comencini', 'Alderano', 'IT76Y6983129311315555123673', '2022-01-01', '+39 197 0229351', 47594),;
INSERT IGNORE INTO RuoloMembroTroupe(CF, nomeRuolo) VALUES 
('TRRLDA21T19L219H', 'sceneggiatore'),
('GLLNNL22A13L219Y', 'aiuto regista'),
('ZCCDNL22R01L219N', 'capo regista'),
('MMORGR21T25L219H', 'produttore esecutivo'),
('VNTMRA22S01L219K', 'regista'),
('MNTGHN22S01L219I', 'operatore fotografico'),
('CNIGNT21T26L219B', 'sceneggiatore'),
('JCZGDI21T30L219Z', 'stilista'),
('MRRCSN22M01L219D', 'sceneggiatore'),
('PDVCLL21T31L219Q', 'regista'),
('MSSNNI21T22L219Y', 'produttore'),
('GLNPPL22H01L219H', 'aiuto regista'),
('MRNNTN21T25L219M', 'stilista'),
('PLNRBR22D01L219Q', 'operatore fonico'),
('RGGLRZ22S01L219A', 'sceneggiatore'),
('BVLLNE22L01L219F', 'capo regista'),
('BLSMLT21T21L219O', 'operatore fonico'),
('SNNVLR22A15L219R', 'operatore fotografico'),
('CMNLRN22A01L219L', 'produttore'),;
INSERT IGNORE INTO Film_Membro_Troupe(codF, CF) VALUES 
(2, 'TRRLDA21T19L219H'),
(2, 'GLLNNL22A13L219Y'),
(2, 'ZCCDNL22R01L219N'),
(2, 'MMORGR21T25L219H'),
(2, 'VNTMRA22S01L219K'),
(2, 'MNTGHN22S01L219I'),
(2, 'CNIGNT21T26L219B'),
(2, 'JCZGDI21T30L219Z'),
(2, 'MRRCSN22M01L219D'),
(2, 'PDVCLL21T31L219Q'),
(2, 'MSSNNI21T22L219Y'),
(2, 'GLNPPL22H01L219H'),
(2, 'MRNNTN21T25L219M'),
(2, 'PLNRBR22D01L219Q'),
(2, 'RGGLRZ22S01L219A'),
(2, 'BVLLNE22L01L219F'),
(2, 'BLSMLT21T21L219O'),
(2, 'SNNVLR22A15L219R'),
(2, 'CMNLRN22A01L219L'),;
INSERT IGNORE INTO ScenaCiak(codScena, noteDiProduzione, rullo, numRiprese, durataOre, costoAffittoGiornaliero, codF) VALUES
 (90340, 'Scena n. 0', 34, 583, 125, 95, 2),
 (67694, 'Scena n. 1', 77, 898, 960, 90, 2),
 (72062, 'Scena n. 2', 11, 317, 597, 91, 2),
 (44498, 'Scena n. 3', 33, 155, 565, 79, 2),
 (21432, 'Scena n. 4', 91, 926, 351, 99, 2),
 (43100, 'Scena n. 5', 18, 807, 825, 42, 2),
 (66424, 'Scena n. 6', 26, 651, 845, 87, 2),
 (73714, 'Scena n. 7', 55, 986, 993, 75, 2),
 (13665, 'Scena n. 8', 59, 163, 530, 49, 2),
 (91547, 'Scena n. 9', 88, 974, 869, 15, 2),
 (33313, 'Scena n. 10', 34, 934, 685, 77, 2),
 (17810, 'Scena n. 11', 72, 271, 626, 40, 2),
 (93424, 'Scena n. 12', 75, 529, 431, 64, 2),
 (17163, 'Scena n. 13', 57, 671, 443, 42, 2),
 (64739, 'Scena n. 14', 16, 293, 444, 22, 2),
 (91333, 'Scena n. 15', 13, 484, 927, 27, 2),
 (23584, 'Scena n. 16', 65, 671, 521, 27, 2),
 (73621, 'Scena n. 17', 13, 600, 857, 20, 2),
 (48903, 'Scena n. 18', 68, 738, 340, 73, 2),;
INSERT IGNORE INTO Costume(codC, tipo, descrizione, CF, codP) VALUES 
 (98813, 'fantasia', 'costume di scena n.1', 'BVLLNE22L01L219F'),
 (29732, 'fantasia', 'costume di scena n.2', 'MNTGHN22S01L219I'),
 (66643, 'fantasia', 'costume di scena n.3', 'MMORGR21T25L219H'),
 (61366, 'fantasia', 'costume di scena n.4', 'MRRCSN22M01L219D'),
 (26453, 'fantasia', 'costume di scena n.5', 'MRRCSN22M01L219D'),
 (83655, 'fantasia', 'costume di scena n.6', 'SNNVLR22A15L219R'),
 (55536, 'fantasia', 'costume di scena n.7', 'BVLLNE22L01L219F'),
 (10466, 'fantasia', 'costume di scena n.8', 'MRNNTN21T25L219M'),
 (82787, 'fantasia', 'costume di scena n.9', 'MRNNTN21T25L219M'),
 (22620, 'fantasia', 'costume di scena n.10', 'SNNVLR22A15L219R'),
 (31597, 'fantasia', 'costume di scena n.11', 'MSSNNI21T22L219Y'),
 (91838, 'fantasia', 'costume di scena n.12', 'CMNLRN22A01L219L'),
 (36227, 'fantasia', 'costume di scena n.13', 'BLSMLT21T21L219O'),
 (17248, 'fantasia', 'costume di scena n.14', 'MSSNNI21T22L219Y'),
 (87270, 'fantasia', 'costume di scena n.15', 'CNIGNT21T26L219B'),
 (73785, 'fantasia', 'costume di scena n.16', 'PDVCLL21T31L219Q'),
 (38256, 'fantasia', 'costume di scena n.17', 'MSSNNI21T22L219Y'),
 (99610, 'fantasia', 'costume di scena n.18', 'CMNLRN22A01L219L'),
 (34420, 'fantasia', 'costume di scena n.19', 'BVLLNE22L01L219F'),;
INSERT IGNORE INTO CostumeScena(codC, codScena) VALUES 
(91547, 29732),
(90340, 66643),
(17810, 83655),
(21432, 83655),
(13665, 87270),
(73714, 31597),
(64739, 38256),
(17163, 66643),
(91333, 34420),
(93424, 98813),
(91547, 91838),
(64739, 29732),
(33313, 34420),
(17810, 26453),
(17163, 22620),
(93424, 91838),
(17810, 17248),
(73714, 31597),
(33313, 34420),;
INSERT IGNORE INTO MembroTroupeScena(codScena ,CF) VALUES 
(90340, 'MRRCSN22M01L219D'),
(90340, 'PLNRBR22D01L219Q'),
(90340, 'TRRLDA21T19L219H'),
(90340, 'SNNVLR22A15L219R'),
(67694, 'BVLLNE22L01L219F'),
(67694, 'BVLLNE22L01L219F'),
(67694, 'RGGLRZ22S01L219A'),
(67694, 'MRRCSN22M01L219D'),
(72062, 'BVLLNE22L01L219F'),
(72062, 'BLSMLT21T21L219O'),
(72062, 'GLLNNL22A13L219Y'),
(72062, 'VNTMRA22S01L219K'),
(44498, 'TRRLDA21T19L219H'),
(44498, 'GLLNNL22A13L219Y'),
(44498, 'PDVCLL21T31L219Q'),
(44498, 'MRNNTN21T25L219M'),
(21432, 'CNIGNT21T26L219B'),
(21432, 'PLNRBR22D01L219Q'),
(21432, 'CMNLRN22A01L219L'),
(21432, 'TRRLDA21T19L219H'),
(43100, 'BVLLNE22L01L219F'),
(43100, 'TRRLDA21T19L219H'),
(43100, 'MRNNTN21T25L219M'),
(43100, 'PDVCLL21T31L219Q'),
(66424, 'ZCCDNL22R01L219N'),
(66424, 'BLSMLT21T21L219O'),
(66424, 'BVLLNE22L01L219F'),
(66424, 'MRNNTN21T25L219M'),
(73714, 'JCZGDI21T30L219Z'),
(73714, 'JCZGDI21T30L219Z'),
(73714, 'JCZGDI21T30L219Z'),
(73714, 'MNTGHN22S01L219I'),
(13665, 'CNIGNT21T26L219B'),
(13665, 'BVLLNE22L01L219F'),
(13665, 'GLLNNL22A13L219Y'),
(13665, 'SNNVLR22A15L219R'),
(91547, 'RGGLRZ22S01L219A'),
(91547, 'SNNVLR22A15L219R'),
(91547, 'GLNPPL22H01L219H'),
(91547, 'TRRLDA21T19L219H'),
(33313, 'MRRCSN22M01L219D'),
(33313, 'SNNVLR22A15L219R'),
(33313, 'TRRLDA21T19L219H'),
(33313, 'RGGLRZ22S01L219A'),
(17810, 'VNTMRA22S01L219K'),
(17810, 'BLSMLT21T21L219O'),
(17810, 'MRRCSN22M01L219D'),
(17810, 'PLNRBR22D01L219Q'),
(93424, 'BLSMLT21T21L219O'),
(93424, 'VNTMRA22S01L219K'),
(93424, 'PDVCLL21T31L219Q'),
(93424, 'GLLNNL22A13L219Y'),
(17163, 'MRRCSN22M01L219D'),
(17163, 'JCZGDI21T30L219Z'),
(17163, 'SNNVLR22A15L219R'),
(17163, 'MSSNNI21T22L219Y'),
(64739, 'MNTGHN22S01L219I'),
(64739, 'MRNNTN21T25L219M'),
(64739, 'MSSNNI21T22L219Y'),
(64739, 'BVLLNE22L01L219F'),
(91333, 'GLLNNL22A13L219Y'),
(91333, 'VNTMRA22S01L219K'),
(91333, 'PLNRBR22D01L219Q'),
(91333, 'SNNVLR22A15L219R'),
(23584, 'BVLLNE22L01L219F'),
(23584, 'TRRLDA21T19L219H'),
(23584, 'GLLNNL22A13L219Y'),
(23584, 'VNTMRA22S01L219K'),
(73621, 'PDVCLL21T31L219Q'),
(73621, 'RGGLRZ22S01L219A'),
(73621, 'RGGLRZ22S01L219A'),
(73621, 'RGGLRZ22S01L219A'),
(48903, 'MSSNNI21T22L219Y'),
(48903, 'MMORGR21T25L219H'),
(48903, 'TRRLDA21T19L219H'),
(48903, 'GLNPPL22H01L219H'),;
INSERT IGNORE INTO Sponsor(P_IVA_SPONSOR, nome) VALUES 
('IT93Y9597954735442662895293', 'Apple'),;
INSERT IGNORE INTO Finanziatore(P_IVA_FINANZIATORE, nome,codInd ,percentualeGuadagno) VALUES
 ('IT20K3071120142142526203442', 'Mastercard', 77836, 0.7199065788760984),
 ('IT82V2933934576144671701719', 'Procter & Gamble', 72169, 0.17333152197598323),
 ('IT04G4589052988366644659759', 'ExxonMobil', 24661, 0.3929944107352834),
 ('IT18P4026074878280541963365', 'Facebook', 27646, 0.6080993548632784),;
INSERT IGNORE INTO Incasso(dataInizio, dataFine, incasso, codF, codInd) VALUES 
 ('1987-08-21', '1987-08-28', 3251466, 2, 16395),
 ('1987-08-28', '1987-09-04', 4930245, 2, 16395),
 ('1987-09-04', '1987-09-11', 7703591, 2, 16395),
 ('1987-09-11', '1987-09-18', 2914123, 2, 16395),
 ('1987-09-18', '1987-09-25', 8093092, 2, 16395),
 ('1987-09-25', '1987-10-02', 3833690, 2, 16395),
 ('1987-10-02', '1987-10-09', 1809086, 2, 16395),
 ('1987-10-09', '1987-10-16', 2388654, 2, 16395),;
INSERT IGNORE INTO Fondo(codFondo, dataAccredito, patrimonio, P_IVA_SPONSOR, P_IVA_FINANZIATORE, codF) VALUES 
 (82339, '2021-10-22', 785578, 'null', 'IT20K3071120142142526203442', 2),
 (17217, '2010-03-28', 955018, 'null', 'IT82V2933934576144671701719', 2),
 (21209, '1995-06-17', 804047, 'null', 'IT04G4589052988366644659759', 2),
 (78915, '2013-09-14', 122731, 'null', 'IT18P4026074878280541963365', 2),;
INSERT IGNORE INTO Fondo(codFondo, dataAccredito, patrimonio, P_IVA_SPONSOR, P_IVA_FINANZIATORE, codF) VALUES 
 (28082, '1991-08-15', 637534, 'IT93Y9597954735442662895293', 'null', 2),;
INSERT IGNORE INTO MembroTroupeScena(codScena ,CF) VALUES 
 (90340, 'BLSMLT21T21L219O'),
 (90340, 'MRNNTN21T25L219M'),
 (90340, 'MNTGHN22S01L219I'),
 (90340, 'MRNNTN21T25L219M'),
 (90340, 'PDVCLL21T31L219Q'),
 (67694, 'PLNRBR22D01L219Q'),
 (67694, 'RGGLRZ22S01L219A'),
 (67694, 'VNTMRA22S01L219K'),
 (67694, 'VNTMRA22S01L219K'),
 (67694, 'PDVCLL21T31L219Q'),
 (72062, 'PDVCLL21T31L219Q'),
 (72062, 'PLNRBR22D01L219Q'),
 (72062, 'BVLLNE22L01L219F'),
 (72062, 'GLNPPL22H01L219H'),
 (72062, 'CMNLRN22A01L219L'),
 (44498, 'MRRCSN22M01L219D'),
 (44498, 'GLLNNL22A13L219Y'),
 (44498, 'ZCCDNL22R01L219N'),
 (44498, 'VNTMRA22S01L219K'),
 (44498, 'GLLNNL22A13L219Y'),
 (21432, 'BLSMLT21T21L219O'),
 (21432, 'RGGLRZ22S01L219A'),
 (21432, 'CMNLRN22A01L219L'),
 (21432, 'VNTMRA22S01L219K'),
 (21432, 'MMORGR21T25L219H'),
 (43100, 'PDVCLL21T31L219Q'),
 (43100, 'GLNPPL22H01L219H'),
 (43100, 'MSSNNI21T22L219Y'),
 (43100, 'MSSNNI21T22L219Y'),
 (43100, 'CNIGNT21T26L219B'),
 (66424, 'CNIGNT21T26L219B'),
 (66424, 'CNIGNT21T26L219B'),
 (66424, 'BVLLNE22L01L219F'),
 (66424, 'JCZGDI21T30L219Z'),
 (66424, 'BVLLNE22L01L219F'),
 (73714, 'ZCCDNL22R01L219N'),
 (73714, 'CMNLRN22A01L219L'),
 (73714, 'JCZGDI21T30L219Z'),
 (73714, 'CMNLRN22A01L219L'),
 (73714, 'GLLNNL22A13L219Y'),
 (13665, 'GLNPPL22H01L219H'),
 (13665, 'MRNNTN21T25L219M'),
 (13665, 'CNIGNT21T26L219B'),
 (13665, 'RGGLRZ22S01L219A'),
 (13665, 'ZCCDNL22R01L219N'),
 (91547, 'MNTGHN22S01L219I'),
 (91547, 'BLSMLT21T21L219O'),
 (91547, 'MMORGR21T25L219H'),
 (91547, 'MNTGHN22S01L219I'),
 (91547, 'MMORGR21T25L219H'),
 (33313, 'MRNNTN21T25L219M'),
 (33313, 'MNTGHN22S01L219I'),
 (33313, 'ZCCDNL22R01L219N'),
 (33313, 'PDVCLL21T31L219Q'),
 (33313, 'PLNRBR22D01L219Q'),
 (17810, 'BLSMLT21T21L219O'),
 (17810, 'GLLNNL22A13L219Y'),
 (17810, 'ZCCDNL22R01L219N'),
 (17810, 'BVLLNE22L01L219F'),
 (17810, 'MSSNNI21T22L219Y'),
 (93424, 'MSSNNI21T22L219Y'),
 (93424, 'RGGLRZ22S01L219A'),
 (93424, 'PDVCLL21T31L219Q'),
 (93424, 'CMNLRN22A01L219L'),
 (93424, 'TRRLDA21T19L219H'),
 (17163, 'MRRCSN22M01L219D'),
 (17163, 'PDVCLL21T31L219Q'),
 (17163, 'CMNLRN22A01L219L'),
 (17163, 'MSSNNI21T22L219Y'),
 (17163, 'BLSMLT21T21L219O'),
 (64739, 'MMORGR21T25L219H'),
 (64739, 'MRNNTN21T25L219M'),
 (64739, 'RGGLRZ22S01L219A'),
 (64739, 'MRNNTN21T25L219M'),
 (64739, 'JCZGDI21T30L219Z'),
 (91333, 'GLLNNL22A13L219Y'),
 (91333, 'CMNLRN22A01L219L'),
 (91333, 'JCZGDI21T30L219Z'),
 (91333, 'GLLNNL22A13L219Y'),
 (91333, 'RGGLRZ22S01L219A'),
 (23584, 'PDVCLL21T31L219Q'),
 (23584, 'CNIGNT21T26L219B'),
 (23584, 'BVLLNE22L01L219F'),
 (23584, 'MMORGR21T25L219H'),
 (23584, 'CNIGNT21T26L219B'),
 (73621, 'VNTMRA22S01L219K'),
 (73621, 'GLLNNL22A13L219Y'),
 (73621, 'CMNLRN22A01L219L'),
 (73621, 'BLSMLT21T21L219O'),
 (73621, 'MSSNNI21T22L219Y'),
 (48903, 'MRNNTN21T25L219M'),
 (48903, 'BLSMLT21T21L219O'),
 (48903, 'BVLLNE22L01L219F'),
 (48903, 'MRNNTN21T25L219M'),
 (48903, 'PDVCLL21T31L219Q'),;
INSERT IGNORE INTO BustaPaga(codB, retribuzioneOraria, oreLavorate, mese) VALUES 
(51057, 52, 60, 'marzo'),
(25987, 19, 90, 'febbraio'),
(72685, 50, 137, 'luglio'),
(91256, 41, 73, 'agosto'),
(78301, 16, 141, 'gennaio'),
(86931, 24, 109, 'febbraio'),
(57071, 43, 178, 'ottobre'),
(62035, 37, 180, 'settembre'),
(82805, 7, 117, 'agosto'),
(23459, 12, 85, 'giugno'),
(98778, 8, 176, 'ottobre'),
(77298, 36, 190, 'ottobre'),
(45456, 43, 110, 'novembre'),
(25897, 14, 128, 'febbraio'),
(63344, 19, 59, 'luglio'),
(64861, 41, 86, 'gennaio'),
(16873, 53, 131, 'agosto'),
(27939, 24, 103, 'marzo'),
(35273, 51, 50, 'gennaio'),;
INSERT IGNORE INTO Retribuzione(CF, CodB) VALUES
('TRRLDA21T19L219H', 51057),
('GLLNNL22A13L219Y', 25987),
('ZCCDNL22R01L219N', 72685),
('MMORGR21T25L219H', 91256),
('VNTMRA22S01L219K', 78301),
('MNTGHN22S01L219I', 86931),
('CNIGNT21T26L219B', 57071),
('JCZGDI21T30L219Z', 62035),
('MRRCSN22M01L219D', 82805),
('PDVCLL21T31L219Q', 23459),
('MSSNNI21T22L219Y', 98778),
('GLNPPL22H01L219H', 77298),
('MRNNTN21T25L219M', 45456),
('PLNRBR22D01L219Q', 25897),
('RGGLRZ22S01L219A', 63344),
('BVLLNE22L01L219F', 64861),
('BLSMLT21T21L219O', 16873),
('SNNVLR22A15L219R', 27939),
('CMNLRN22A01L219L', 35273),;

 
 
 
 
 incollarlo sotto le insert di star wars e soprattutto per farlo andare sostituire ,; con ;        e       'null' con null 