INSERT IGNORE INTO Indirizzo(codInd, citta, via, civico, CAP) VALUES 
(42288, 'Settimo Pier', 'Rotonda Caetani', '56', 75987), 
(43517, 'Migliaccio salentino', 'Canale Stefanelli', '7', 16906), 
(85895, 'Massimiliano salentino', 'Incrocio Ermenegildo', '24', 60704), 
(23045, 'San Rossana salentino', 'Piazza Gioffre', '2', 21392), 
(87225, 'Errani terme', 'Incrocio Mariano', '20', 93406), 
(82348, 'Carolina a mare', 'Viale Nibali', '6', 24646), 
(17579, 'Victoria calabro', 'Piazza Folliero', '47', 95589), 
(28262, "Borgo Ronaldo nell'emilia", 'Canale Balbi', '57', 6125), 
(24118, 'Sesto Gianpietro veneto', 'Via Guarino', '12', 64024), 
(71237, 'Valeria a mare', 'Viale Venancio', '996', 18485), 
(85443, 'Cendron lido', 'Rotonda Adamo', '78', 97858), 
(54644, 'Sesto Rita', 'Borgo Celentano', '3', 75425), 
(60355, 'Amleto calabro', 'Via Elladio', '4', 1036), 
(70777, 'San Federigo', 'Viale Irma', '57', 96762), 
(94348, "Paloma nell'emilia", 'Piazza Blasi', '4', 25432), 
(71353, 'San Raffaello terme', 'Contrada Annetta', '190', 41033), 
(61278, 'Ferrata sardo', 'Borgo Galuppi', '58', 46467), 
(44478, 'Sesto Liliana', 'Canale Fiorino', '482', 6514), 
(89392, 'Amadeo lido', 'Canale Stefani', '24', 87287), ;
INSERT IGNORE INTO MembroTroupe(CF, nome, cognome, iban, dataNascita, telefono, codInd) VALUES 
('PZZCRN21T12L219I', 'Pozzecco', 'Caterina', 'IT42J5701389444869534876386', '2021-12-12', '+39 30 92203458', 42288),
('FRNRSN21S27L219L', 'Fornaciari', 'Rosina', 'IT15S5314498774501536643250', '2021-11-27', '+39 08 3185792', 43517),
('MNGNNN21T20L219X', 'Mengolo', 'Antonino', 'IT31V7736119082723965497198', '2021-12-20', '+39 451 1499886', 85895),
('NRBNNT21T23L219A', 'Norbiato', 'Antonietta', 'IT64K8528759904429775712960', '2021-12-23', '+39 73 2268686', 23045),
('SFRLGN21P12L219N', 'Sforza', 'Luigina', 'IT79B3844220988267714542021', '2021-12-09', '+39 248 82 45 7068', 87225),
('MRTPRI21T21L219K', 'Martucci', 'Piero', 'IT44D1930719440346826921702', '2021-12-21', '+39 5212 84128441', 82348),
('GNNMRK21S28L219Z', 'Giannetti', 'Mirko', 'IT34Z1624242945432926557656', '2021-11-28', '+39 5533 61199188', 17579),
('GCCRMN21T25L219N', 'Giacconi', 'Romina', 'IT51R9739994777323367799450', '2021-12-25', '+39 563 36 94 2909', 28262),
('LRURSN21M12L219R', 'Luria', 'Arsenio', 'IT11L9227715501518743875346', '2021-12-08', '+39 70 9160089', 24118),
('FSNGNZ21T24L219P', 'Fusani', 'Ignazio', 'IT22Y3173053509089734084619', '2021-12-24', '+39 1929 6491183', 71237),
('LCCCST21E12L219Z', 'Lucciano', 'Cristina', 'IT93E5844583752500507652385', '2021-12-05', '+39 373 8518866', 85443),
('NGLSLO21T12L219A', 'Angiolello', 'Sole', 'IT11M3132525672230404465460', '2021-12-12', '+39 333 6553910', 54644),
('MSTTTR21T15L219Q', 'Mastroianni', 'Ettore', 'IT40N5459870443089846428179', '2021-12-15', '+39 2665 62799034', 60355),
('PCNNLN21H12L219S', 'Piacentini', 'Angelina', 'IT60W0705051258062710864632', '2021-12-06', '+39 201 60 30 4835', 70777),
('FRCPLM21S29L219P', 'Fracci', 'Paloma', 'IT38A7259904401651090340248', '2021-11-29', '+39 88 8621200', 94348),
('MRCCLL21T19L219H', 'Mercantini', 'Cirillo', 'IT81M9267501505152004678267', '2021-12-19', '+39 90 7929249', 71353),
('GRSTQT21B12L219I', 'Grasso', 'Torquato', 'IT54L6851664390208703652899', '2021-12-02', '+39 987 2124501', 61278),
('BRZRFL21T19L219F', 'Borzomì', 'Raffaello', 'IT71F6961118142025028792446', '2021-12-19', '+39 99 0609120', 44478),
('CLRVTR21T22L219L', 'Calarco', 'Vittorio', 'IT08Z7708162457636134841110', '2021-12-22', '+39 0144 0511508', 89392),;
INSERT IGNORE INTO RuoloMembroTroupe(CF, nomeRuolo) VALUES 
('PZZCRN21T12L219I', 'produttore esecutivo'),
('FRNRSN21S27L219L', 'produttore'),
('MNGNNN21T20L219X', 'operatore fotografico'),
('NRBNNT21T23L219A', 'aiuto regista'),
('SFRLGN21P12L219N', 'produttore esecutivo'),
('MRTPRI21T21L219K', 'regista'),
('GNNMRK21S28L219Z', 'produttore'),
('GCCRMN21T25L219N', 'stilista'),
('LRURSN21M12L219R', 'operatore fotografico'),
('FSNGNZ21T24L219P', 'capo regista'),
('LCCCST21E12L219Z', 'produttore'),
('NGLSLO21T12L219A', 'aiuto regista'),
('MSTTTR21T15L219Q', 'produttore esecutivo'),
('PCNNLN21H12L219S', 'produttore esecutivo'),
('FRCPLM21S29L219P', 'operatore fotografico'),
('MRCCLL21T19L219H', 'capo regista'),
('GRSTQT21B12L219I', 'attore'),
('BRZRFL21T19L219F', 'capo regista'),
('CLRVTR21T22L219L', 'regista'),;
INSERT IGNORE INTO Film_Membro_Troupe(codF, CF) VALUES 
(1, 'PZZCRN21T12L219I'),
(1, 'FRNRSN21S27L219L'),
(1, 'MNGNNN21T20L219X'),
(1, 'NRBNNT21T23L219A'),
(1, 'SFRLGN21P12L219N'),
(1, 'MRTPRI21T21L219K'),
(1, 'GNNMRK21S28L219Z'),
(1, 'GCCRMN21T25L219N'),
(1, 'LRURSN21M12L219R'),
(1, 'FSNGNZ21T24L219P'),
(1, 'LCCCST21E12L219Z'),
(1, 'NGLSLO21T12L219A'),
(1, 'MSTTTR21T15L219Q'),
(1, 'PCNNLN21H12L219S'),
(1, 'FRCPLM21S29L219P'),
(1, 'MRCCLL21T19L219H'),
(1, 'GRSTQT21B12L219I'),
(1, 'BRZRFL21T19L219F'),
(1, 'CLRVTR21T22L219L'),;
INSERT IGNORE INTO Membro_Troupe_Scena(codScena ,CF) VALUES 
(27350, 'NGLSLO21T12L219A'),
(27350, 'FSNGNZ21T24L219P'),
(27350, 'NRBNNT21T23L219A'),
(27350, 'LCCCST21E12L219Z'),
(28173, 'GCCRMN21T25L219N'),
(28173, 'FSNGNZ21T24L219P'),
(28173, 'GRSTQT21B12L219I'),
(28173, 'PCNNLN21H12L219S'),
(71295, 'MRCCLL21T19L219H'),
(71295, 'SFRLGN21P12L219N'),
(71295, 'GCCRMN21T25L219N'),
(71295, 'NGLSLO21T12L219A'),
(10294, 'NGLSLO21T12L219A'),
(10294, 'FSNGNZ21T24L219P'),
(10294, 'MNGNNN21T20L219X'),
(10294, 'LRURSN21M12L219R'),
(96245, 'BRZRFL21T19L219F'),
(96245, 'FSNGNZ21T24L219P'),
(96245, 'BRZRFL21T19L219F'),
(96245, 'BRZRFL21T19L219F'),
(77180, 'GCCRMN21T25L219N'),
(77180, 'FRCPLM21S29L219P'),
(77180, 'MRTPRI21T21L219K'),
(77180, 'GNNMRK21S28L219Z'),
(90881, 'MSTTTR21T15L219Q'),
(90881, 'FRNRSN21S27L219L'),
(90881, 'FSNGNZ21T24L219P'),
(90881, 'GCCRMN21T25L219N'),
(43676, 'LCCCST21E12L219Z'),
(43676, 'GRSTQT21B12L219I'),
(43676, 'LCCCST21E12L219Z'),
(43676, 'SFRLGN21P12L219N'),
(21300, 'GCCRMN21T25L219N'),
(21300, 'FRCPLM21S29L219P'),
(21300, 'SFRLGN21P12L219N'),
(21300, 'GCCRMN21T25L219N'),
(74200, 'PZZCRN21T12L219I'),
(74200, 'MNGNNN21T20L219X'),
(74200, 'LCCCST21E12L219Z'),
(74200, 'MRCCLL21T19L219H'),
(36964, 'LRURSN21M12L219R'),
(36964, 'NRBNNT21T23L219A'),
(36964, 'GNNMRK21S28L219Z'),
(36964, 'NRBNNT21T23L219A'),
(85381, 'FRCPLM21S29L219P'),
(85381, 'FRNRSN21S27L219L'),
(85381, 'CLRVTR21T22L219L'),
(85381, 'NGLSLO21T12L219A'),
(32857, 'PCNNLN21H12L219S'),
(32857, 'LRURSN21M12L219R'),
(32857, 'MSTTTR21T15L219Q'),
(32857, 'MRTPRI21T21L219K'),
(47565, 'MSTTTR21T15L219Q'),
(47565, 'GRSTQT21B12L219I'),
(47565, 'FSNGNZ21T24L219P'),
(47565, 'GRSTQT21B12L219I'),
(76113, 'GNNMRK21S28L219Z'),
(76113, 'MRCCLL21T19L219H'),
(76113, 'MSTTTR21T15L219Q'),
(76113, 'NRBNNT21T23L219A'),
(39569, 'CLRVTR21T22L219L'),
(39569, 'GNNMRK21S28L219Z'),
(39569, 'MNGNNN21T20L219X'),
(39569, 'MNGNNN21T20L219X'),
(93362, 'PCNNLN21H12L219S'),
(93362, 'PZZCRN21T12L219I'),
(93362, 'NRBNNT21T23L219A'),
(93362, 'SFRLGN21P12L219N'),
(66320, 'LCCCST21E12L219Z'),
(66320, 'GNNMRK21S28L219Z'),
(66320, 'FRCPLM21S29L219P'),
(66320, 'FRNRSN21S27L219L'),
(47037, 'SFRLGN21P12L219N'),
(47037, 'LCCCST21E12L219Z'),
(47037, 'PZZCRN21T12L219I'),
(47037, 'MRTPRI21T21L219K'),;
INSERT IGNORE INTO Sponsor(P_IVA_SPONSOR, nome) VALUES 
('IT97S8844011492632041598831', 'Alphabet'),;
INSERT IGNORE INTO Finanziatore(P_IVA_FINANZIATORE, nome,codInd ,percentualeGuadagno) VALUES
 ('IT49O3462220348130432766297', 'Cisco Systems', 76630, 0.3447917919087299),
 ('IT83E9412181318352337123592', 'Intel', 41349, 0.7907510713244786),
 ('IT76P5578317348693810570327', 'Adobe', 76539, 0.752336221322037),
 ('IT85F5270077634307133114249', 'Procter & Gamble', 71779, 0.4142930135253614),;
INSERT IGNORE INTO ScenaCiak(codScena, noteDiProduzione, rullo, numRiprese, durataOre, costoAffittoGiornaliero, codF) VALUES
 (48587, 'Scena n. 0', 40, 625, 227, 12, 1),
 (50854, 'Scena n. 1', 78, 137, 608, 11, 1),
 (59932, 'Scena n. 2', 75, 584, 330, 81, 1),
 (27182, 'Scena n. 3', 56, 156, 837, 65, 1),
 (98212, 'Scena n. 4', 49, 243, 463, 65, 1),
 (43114, 'Scena n. 5', 95, 792, 209, 87, 1),
 (69032, 'Scena n. 6', 71, 929, 984, 25, 1),
 (87277, 'Scena n. 7', 90, 966, 104, 81, 1),
 (56603, 'Scena n. 8', 10, 827, 344, 67, 1),
 (47432, 'Scena n. 9', 70, 178, 619, 88, 1),
 (77503, 'Scena n. 10', 31, 900, 951, 16, 1),
 (10898, 'Scena n. 11', 99, 954, 823, 36, 1),
 (15209, 'Scena n. 12', 80, 214, 714, 47, 1),
 (54165, 'Scena n. 13', 40, 757, 208, 12, 1),
 (96638, 'Scena n. 14', 63, 246, 817, 13, 1),
 (60754, 'Scena n. 15', 18, 604, 633, 50, 1),
 (57439, 'Scena n. 16', 41, 569, 343, 21, 1),
 (22631, 'Scena n. 17', 53, 675, 730, 10, 1),
 (47997, 'Scena n. 18', 18, 956, 454, 38, 1),;
INSERT IGNORE INTO BustaPaga(codB, retribuzioneOraria, oreLavorate, mese) VALUES 
(94775, 22, 146, 'marzo'),
(42674, 40, 63, 'ottobre'),
(79181, 46, 85, 'luglio'),
(97565, 41, 118, 'dicembre'),
(31403, 25, 67, 'maggio'),
(80266, 42, 112, 'dicembre'),
(94874, 29, 75, 'maggio'),
(25480, 31, 160, 'marzo'),
(75452, 48, 165, 'febbraio'),
(37566, 33, 76, 'ottobre'),
(33298, 32, 159, 'febbraio'),
(20441, 45, 132, 'settembre'),
(25059, 30, 84, 'febbraio'),
(15028, 30, 131, 'luglio'),
(90752, 42, 152, 'ottobre'),
(30829, 34, 88, 'settembre'),
(23472, 43, 48, 'novembre'),
(61574, 17, 107, 'febbraio'),
(84233, 32, 132, 'novembre'),;
INSERT IGNORE INTO Retribuzione(CF, CodB) VALUES
('PZZCRN21T12L219I', 94775),
('FRNRSN21S27L219L', 42674),
('MNGNNN21T20L219X', 79181),
('NRBNNT21T23L219A', 97565),
('SFRLGN21P12L219N', 31403),
('MRTPRI21T21L219K', 80266),
('GNNMRK21S28L219Z', 94874),
('GCCRMN21T25L219N', 25480),
('LRURSN21M12L219R', 75452),
('FSNGNZ21T24L219P', 37566),
('LCCCST21E12L219Z', 33298),
('NGLSLO21T12L219A', 20441),
('MSTTTR21T15L219Q', 25059),
('PCNNLN21H12L219S', 15028),
('FRCPLM21S29L219P', 90752),
('MRCCLL21T19L219H', 30829),
('GRSTQT21B12L219I', 23472),
('BRZRFL21T19L219F', 61574),
('CLRVTR21T22L219L', 84233),;
