INSERT IGNORE INTO Indirizzo(codInd, citta, via, civico, CAP) VALUES 
(70207, 'Doria calabro', 'Vicolo Trentin', '669', 84207), 
(23988, 'Abate veneto', 'Piazza Lorenzo', '7', 55450), 
(34181, 'Settimo Nino lido', 'Contrada Nicola', '49', 62096), 
(47405, 'Settimo Daniele lido', 'Incrocio Sole', '920', 46295), 
(97513, 'Rosaria calabro', 'Viale Pina', '84', 73501), 
(79575, 'Sesto Pasquale', 'Strada Pugliese', '165', 57022), 
(43249, 'Sesto Ruggiero', 'Viale Vito', '54', 99643), 
(85543, 'Elladio a mare', 'Contrada Conti', '0', 53347), 
(27978, 'Edoardo terme', 'Via Sante', '5', 90418), 
(64189, 'Borgo Telemaco umbro', 'Canale Jacopo', '80', 670), 
(14757, 'Settimo Piergiorgio calabro', 'Piazza Arnaldo', '707', 32993), 
(98707, 'San Gabriella', 'Contrada Antonio', '38', 28636), 
(74653, 'Sesto Ermanno', 'Incrocio Gori', '5', 62241), 
(72669, 'Borgo Valentina sardo', 'Borgo Benedetto', '754', 5178), 
(29291, 'Barese del friuli', 'Viale Moccia', '98', 11588), 
(99230, 'Settimo Giampiero', 'Piazza Amico', '51', 5606), 
(39102, 'Quarto Gioffre sardo', 'Vicolo Toso', '630', 40644), 
(75361, 'Luna salentino', 'Canale Lerner', '26', 45393), 
(23518, 'Cainero veneto', 'Piazza Serena', '5', 74611), ;
INSERT IGNORE INTO MembroTroupe(CF, nome, cognome, iban, dataNascita, telefono, codInd) VALUES 
('CNTDLM21S30L219H', 'Cantimori', 'Adelmo', 'IT70H6368975661215717617194', '2021-11-30', '+39 239 7325684', 70207),
('NRDSLV21T18L219J', 'Nordio', 'Silvia', 'IT22J0775934222920854572591', '2021-12-18', '+39 0618 60084614', 23988),
('RNZRRA21T14L219H', 'Renzi', 'Aurora', 'IT87C6218282544337446952643', '2021-12-14', '+39 853 0536849', 34181),
('LFNMRA21A12L219W', 'Alfonsi', 'Maria', 'IT29E7800201927018298673466', '2021-12-01', '+39 399 6042048', 47405),
('TFRVTR21S28L219A', 'Tafuri', 'Vittoria', 'IT38R2720490365077118507019', '2021-11-28', '+39 932 71 43 3174', 97513),
('BGLCRL21T14L219V', 'Baglioni', 'Carlo', 'IT31M4898011608227928332626', '2021-12-14', '+39 476 51 27 3368', 79575),
('BRLBBR21T19L219P', 'Berlusconi', 'Barbara', 'IT52X3947341736511885720741', '2021-12-19', '+39 291 5567917', 43249),
('SNSNNN21T20L219O', 'Sansoni', 'Nanni', 'IT51Q0903433997347517244242', '2021-12-20', '+39 216 9746099', 85543),
('TZZNCI21T24L219B', 'Tozzo', 'Nico', 'IT11S5386248436390408033258', '2021-12-24', '+39 720 59 95 1240', 27978),
('DLLBVN21A12L219T', 'Dalla', 'Benvenuto', 'IT51T8530255718217990363509', '2021-12-01', '+39 09 21943571', 64189),
('GTTDLM21A12L219O', 'Gotti', 'Adelmo', 'IT03X3982485628794526173911', '2021-12-01', '+39 842 0626209', 14757),
('MLNGFR21T21L219P', 'Malenchini', 'Gioffre', 'IT94D3743230878615107241070', '2021-12-21', '+39 728 24072302', 98707),
('GGLLNR21B12L219T', 'Guglielmi', 'Eleanora', 'IT76U4997079073436800566818', '2021-12-02', '+39 01 4398754', 74653),
('PRNMHL21T23L219R', 'Parini', 'Michelotto', 'IT78N0152262357997667497748', '2021-12-23', '+39 24 4548207', 72669),
('BDGVTI21E12L219Q', 'Badoglio', 'Vito', 'IT53K6198285463447928553414', '2021-12-05', '+39 217 47 81 8202', 29291),
('BGIMND21T16L219E', 'Biagi', 'Amanda', 'IT45Z0850341826116118764965', '2021-12-16', '+39 140 66 89 8923', 99230),
('GLTFMM21T22L219K', 'Giolitti', 'Fiamma', 'IT74E3053112839934608102760', '2021-12-22', '+39 352 91705404', 39102),
('SGNCLD21P12L219W', 'Sagnelli', 'Claudia', 'IT93Z3515842986099914709712', '2021-12-09', '+39 8036 0043708', 75361),
('VTTFTN21T15L219R', 'Vittadello', 'Fortunata', 'IT74I9266665300029712466407', '2021-12-15', '+39 452 2212943', 23518),;
INSERT IGNORE INTO RuoloMembroTroupe(CF, nomeRuolo) VALUES 
('CNTDLM21S30L219H', 'produttore esecutivo'),
('NRDSLV21T18L219J', 'aiuto regista'),
('RNZRRA21T14L219H', 'operatore fonico'),
('LFNMRA21A12L219W', 'sceneggiatore'),
('TFRVTR21S28L219A', 'regista'),
('BGLCRL21T14L219V', 'regista'),
('BRLBBR21T19L219P', 'aiuto regista'),
('SNSNNN21T20L219O', 'operatore fotografico'),
('TZZNCI21T24L219B', 'operatore fonico'),
('DLLBVN21A12L219T', 'sceneggiatore'),
('GTTDLM21A12L219O', 'regista'),
('MLNGFR21T21L219P', 'operatore fotografico'),
('GGLLNR21B12L219T', 'produttore esecutivo'),
('PRNMHL21T23L219R', 'attore'),
('BDGVTI21E12L219Q', 'stilista'),
('BGIMND21T16L219E', 'operatore fonico'),
('GLTFMM21T22L219K', 'produttore esecutivo'),
('SGNCLD21P12L219W', 'produttore esecutivo'),
('VTTFTN21T15L219R', 'operatore fotografico'),;
INSERT IGNORE INTO Film_Membro_Troupe(codF, CF) VALUES 
(1, 'CNTDLM21S30L219H'),
(1, 'NRDSLV21T18L219J'),
(1, 'RNZRRA21T14L219H'),
(1, 'LFNMRA21A12L219W'),
(1, 'TFRVTR21S28L219A'),
(1, 'BGLCRL21T14L219V'),
(1, 'BRLBBR21T19L219P'),
(1, 'SNSNNN21T20L219O'),
(1, 'TZZNCI21T24L219B'),
(1, 'DLLBVN21A12L219T'),
(1, 'GTTDLM21A12L219O'),
(1, 'MLNGFR21T21L219P'),
(1, 'GGLLNR21B12L219T'),
(1, 'PRNMHL21T23L219R'),
(1, 'BDGVTI21E12L219Q'),
(1, 'BGIMND21T16L219E'),
(1, 'GLTFMM21T22L219K'),
(1, 'SGNCLD21P12L219W'),
(1, 'VTTFTN21T15L219R'),;
INSERT IGNORE INTO Membro_Troupe_Scena(codScena ,CF) VALUES 
(99362, 'TFRVTR21S28L219A'),
(99362, 'GLTFMM21T22L219K'),
(99362, 'BGLCRL21T14L219V'),
(99362, 'GGLLNR21B12L219T'),
(43021, 'RNZRRA21T14L219H'),
(43021, 'LFNMRA21A12L219W'),
(43021, 'SNSNNN21T20L219O'),
(43021, 'GLTFMM21T22L219K'),
(28135, 'TZZNCI21T24L219B'),
(28135, 'NRDSLV21T18L219J'),
(28135, 'CNTDLM21S30L219H'),
(28135, 'LFNMRA21A12L219W'),
(64189, 'SNSNNN21T20L219O'),
(64189, 'TFRVTR21S28L219A'),
(64189, 'RNZRRA21T14L219H'),
(64189, 'SGNCLD21P12L219W'),
(61197, 'GTTDLM21A12L219O'),
(61197, 'TFRVTR21S28L219A'),
(61197, 'BGIMND21T16L219E'),
(61197, 'GTTDLM21A12L219O'),
(48014, 'DLLBVN21A12L219T'),
(48014, 'MLNGFR21T21L219P'),
(48014, 'GLTFMM21T22L219K'),
(48014, 'BGIMND21T16L219E'),
(12563, 'DLLBVN21A12L219T'),
(12563, 'SGNCLD21P12L219W'),
(12563, 'RNZRRA21T14L219H'),
(12563, 'BRLBBR21T19L219P'),
(12957, 'BRLBBR21T19L219P'),
(12957, 'TFRVTR21S28L219A'),
(12957, 'SGNCLD21P12L219W'),
(12957, 'GTTDLM21A12L219O'),
(86384, 'RNZRRA21T14L219H'),
(86384, 'VTTFTN21T15L219R'),
(86384, 'MLNGFR21T21L219P'),
(86384, 'RNZRRA21T14L219H'),
(34982, 'SGNCLD21P12L219W'),
(34982, 'VTTFTN21T15L219R'),
(34982, 'NRDSLV21T18L219J'),
(34982, 'SGNCLD21P12L219W'),
(25483, 'BDGVTI21E12L219Q'),
(25483, 'MLNGFR21T21L219P'),
(25483, 'MLNGFR21T21L219P'),
(25483, 'LFNMRA21A12L219W'),
(13650, 'BGIMND21T16L219E'),
(13650, 'TZZNCI21T24L219B'),
(13650, 'BDGVTI21E12L219Q'),
(13650, 'GTTDLM21A12L219O'),
(87624, 'TFRVTR21S28L219A'),
(87624, 'SNSNNN21T20L219O'),
(87624, 'GTTDLM21A12L219O'),
(87624, 'SGNCLD21P12L219W'),
(53186, 'TFRVTR21S28L219A'),
(53186, 'CNTDLM21S30L219H'),
(53186, 'NRDSLV21T18L219J'),
(53186, 'RNZRRA21T14L219H'),
(66736, 'VTTFTN21T15L219R'),
(66736, 'NRDSLV21T18L219J'),
(66736, 'BGLCRL21T14L219V'),
(66736, 'RNZRRA21T14L219H'),
(11588, 'BDGVTI21E12L219Q'),
(11588, 'NRDSLV21T18L219J'),
(11588, 'GLTFMM21T22L219K'),
(11588, 'PRNMHL21T23L219R'),
(60343, 'TFRVTR21S28L219A'),
(60343, 'TFRVTR21S28L219A'),
(60343, 'CNTDLM21S30L219H'),
(60343, 'PRNMHL21T23L219R'),
(67285, 'BGLCRL21T14L219V'),
(67285, 'GLTFMM21T22L219K'),
(67285, 'LFNMRA21A12L219W'),
(67285, 'TFRVTR21S28L219A'),
(31255, 'TFRVTR21S28L219A'),
(31255, 'TFRVTR21S28L219A'),
(31255, 'MLNGFR21T21L219P'),
(31255, 'BGIMND21T16L219E'),;
INSERT IGNORE INTO Sponsor(P_IVA_SPONSOR, nome) VALUES 
('IT90W8200660548538024855482', 'UnitedHealth Group'),;
INSERT IGNORE INTO Finanziatore(P_IVA_FINANZIATORE, nome,codInd ,percentualeGuadagno) VALUES
 ('IT51I3256523600658690651821', 'The Home Depot', 56133, 0.6433984288535578),
 ('IT78B0874339367335609438767', 'Comcast', 18977, 0.791515367259118),
 ('IT14X0770024562923069380320', 'Adobe', 47134, 0.5370613310682818),
 ('IT90W4907013755212937195785', 'Adobe', 79011, 0.06328102562752791),;
INSERT IGNORE INTO ScenaCiak(codScena, noteDiProduzione, rullo, numRiprese, durataOre, costoAffittoGiornaliero, codF) VALUES
 (62592, 'Scena n. 0', 40, 123, 276, 54, 1),
 (18121, 'Scena n. 1', 76, 977, 546, 50, 1),
 (74425, 'Scena n. 2', 57, 876, 668, 38, 1),
 (66841, 'Scena n. 3', 95, 652, 387, 49, 1),
 (92549, 'Scena n. 4', 76, 133, 151, 98, 1),
 (32670, 'Scena n. 5', 95, 511, 253, 15, 1),
 (94642, 'Scena n. 6', 19, 804, 280, 85, 1),
 (43281, 'Scena n. 7', 26, 258, 239, 18, 1),
 (59140, 'Scena n. 8', 85, 147, 443, 51, 1),
 (16384, 'Scena n. 9', 97, 678, 625, 33, 1),
 (74425, 'Scena n. 10', 16, 298, 265, 66, 1),
 (95995, 'Scena n. 11', 50, 350, 829, 54, 1),
 (97729, 'Scena n. 12', 86, 595, 245, 66, 1),
 (31229, 'Scena n. 13', 66, 412, 857, 98, 1),
 (46234, 'Scena n. 14', 45, 722, 676, 27, 1),
 (68662, 'Scena n. 15', 91, 380, 683, 68, 1),
 (48773, 'Scena n. 16', 21, 555, 743, 41, 1),
 (75413, 'Scena n. 17', 69, 454, 264, 16, 1),
 (39441, 'Scena n. 18', 79, 433, 576, 72, 1),;
INSERT IGNORE INTO Fondo(codFondo, dataAccredito, patrimonio, P_IVA_SPONSOR, P_IVA_FINANZIATORE,CF, codF) VALUES 
 (19241, '2008-12-19', 874238, 'NULL', 'IT51I3256523600658690651821', 1),
 (11331, '1989-03-19', 362634, 'NULL', 'IT78B0874339367335609438767', 1),
 (71444, '2012-03-22', 530351, 'NULL', 'IT14X0770024562923069380320', 1),
 (13081, '1990-01-17', 301827, 'NULL', 'IT90W4907013755212937195785', 1),INSERT IGNORE INTO Membro_Troupe_Scena(codScena ,CF) VALUES 
 (62592, 'NRDSLV21T18L219J'),
 (62592, 'BDGVTI21E12L219Q'),
 (62592, 'BGIMND21T16L219E'),
 (62592, 'BDGVTI21E12L219Q'),
 (62592, 'RNZRRA21T14L219H'),
 (18121, 'BGIMND21T16L219E'),
 (18121, 'PRNMHL21T23L219R'),
 (18121, 'VTTFTN21T15L219R'),
 (18121, 'BGIMND21T16L219E'),
 (18121, 'SNSNNN21T20L219O'),
 (74425, 'BGIMND21T16L219E'),
 (74425, 'SNSNNN21T20L219O'),
 (74425, 'GTTDLM21A12L219O'),
 (74425, 'LFNMRA21A12L219W'),
 (74425, 'BGLCRL21T14L219V'),
 (66841, 'SNSNNN21T20L219O'),
 (66841, 'BRLBBR21T19L219P'),
 (66841, 'VTTFTN21T15L219R'),
 (66841, 'GTTDLM21A12L219O'),
 (66841, 'BRLBBR21T19L219P'),
 (92549, 'NRDSLV21T18L219J'),
 (92549, 'CNTDLM21S30L219H'),
 (92549, 'RNZRRA21T14L219H'),
 (92549, 'SGNCLD21P12L219W'),
 (92549, 'VTTFTN21T15L219R'),
 (32670, 'GGLLNR21B12L219T'),
 (32670, 'PRNMHL21T23L219R'),
 (32670, 'VTTFTN21T15L219R'),
 (32670, 'LFNMRA21A12L219W'),
 (32670, 'SGNCLD21P12L219W'),
 (94642, 'GLTFMM21T22L219K'),
 (94642, 'SGNCLD21P12L219W'),
 (94642, 'SNSNNN21T20L219O'),
 (94642, 'GTTDLM21A12L219O'),
 (94642, 'LFNMRA21A12L219W'),
 (43281, 'RNZRRA21T14L219H'),
 (43281, 'SNSNNN21T20L219O'),
 (43281, 'DLLBVN21A12L219T'),
 (43281, 'RNZRRA21T14L219H'),
 (43281, 'BGIMND21T16L219E'),
 (59140, 'PRNMHL21T23L219R'),
 (59140, 'MLNGFR21T21L219P'),
 (59140, 'SGNCLD21P12L219W'),
 (59140, 'LFNMRA21A12L219W'),
 (59140, 'TZZNCI21T24L219B'),
 (16384, 'BRLBBR21T19L219P'),
 (16384, 'GLTFMM21T22L219K'),
 (16384, 'BRLBBR21T19L219P'),
 (16384, 'LFNMRA21A12L219W'),
 (16384, 'VTTFTN21T15L219R'),
 (74425, 'GTTDLM21A12L219O'),
 (74425, 'NRDSLV21T18L219J'),
 (74425, 'BDGVTI21E12L219Q'),
 (74425, 'NRDSLV21T18L219J'),
 (74425, 'PRNMHL21T23L219R'),
 (95995, 'TFRVTR21S28L219A'),
 (95995, 'TZZNCI21T24L219B'),
 (95995, 'LFNMRA21A12L219W'),
 (95995, 'GLTFMM21T22L219K'),
 (95995, 'DLLBVN21A12L219T'),
 (97729, 'GTTDLM21A12L219O'),
 (97729, 'NRDSLV21T18L219J'),
 (97729, 'GTTDLM21A12L219O'),
 (97729, 'GGLLNR21B12L219T'),
 (97729, 'BDGVTI21E12L219Q'),
 (31229, 'SGNCLD21P12L219W'),
 (31229, 'GLTFMM21T22L219K'),
 (31229, 'CNTDLM21S30L219H'),
 (31229, 'DLLBVN21A12L219T'),
 (31229, 'BDGVTI21E12L219Q'),
 (46234, 'CNTDLM21S30L219H'),
 (46234, 'GGLLNR21B12L219T'),
 (46234, 'DLLBVN21A12L219T'),
 (46234, 'SGNCLD21P12L219W'),
 (46234, 'BRLBBR21T19L219P'),
 (68662, 'BRLBBR21T19L219P'),
 (68662, 'NRDSLV21T18L219J'),
 (68662, 'PRNMHL21T23L219R'),
 (68662, 'RNZRRA21T14L219H'),
 (68662, 'BGLCRL21T14L219V'),
 (48773, 'DLLBVN21A12L219T'),
 (48773, 'TZZNCI21T24L219B'),
 (48773, 'GGLLNR21B12L219T'),
 (48773, 'SNSNNN21T20L219O'),
 (48773, 'NRDSLV21T18L219J'),
 (75413, 'DLLBVN21A12L219T'),
 (75413, 'DLLBVN21A12L219T'),
 (75413, 'TZZNCI21T24L219B'),
 (75413, 'GGLLNR21B12L219T'),
 (75413, 'GLTFMM21T22L219K'),
 (39441, 'GLTFMM21T22L219K'),
 (39441, 'BDGVTI21E12L219Q'),
 (39441, 'SGNCLD21P12L219W'),
 (39441, 'BDGVTI21E12L219Q'),
 (39441, 'SGNCLD21P12L219W'),;
INSERT IGNORE INTO BustaPaga(codB, retribuzioneOraria, oreLavorate, mese) VALUES 
(86911, 28, 114, 'maggio'),
(67767, 32, 194, 'dicembre'),
(75270, 10, 86, 'dicembre'),
(25399, 36, 113, 'luglio'),
(23545, 54, 174, 'maggio'),
(19152, 10, 165, 'ottobre'),
(17617, 11, 131, 'giugno'),
(23036, 37, 62, 'marzo'),
(69290, 19, 176, 'maggio'),
(26310, 10, 136, 'gennaio'),
(69351, 41, 158, 'novembre'),
(33342, 36, 191, 'giugno'),
(95087, 46, 139, 'agosto'),
(91553, 22, 106, 'dicembre'),
(12733, 53, 158, 'aprile'),
(13753, 13, 198, 'giugno'),
(58309, 54, 97, 'giugno'),
(43359, 46, 126, 'agosto'),
(61007, 23, 140, 'agosto'),;
INSERT IGNORE INTO Retribuzione(CF, CodB) VALUES
('CNTDLM21S30L219H', 86911),
('NRDSLV21T18L219J', 67767),
('RNZRRA21T14L219H', 75270),
('LFNMRA21A12L219W', 25399),
('TFRVTR21S28L219A', 23545),
('BGLCRL21T14L219V', 19152),
('BRLBBR21T19L219P', 17617),
('SNSNNN21T20L219O', 23036),
('TZZNCI21T24L219B', 69290),
('DLLBVN21A12L219T', 26310),
('GTTDLM21A12L219O', 69351),
('MLNGFR21T21L219P', 33342),
('GGLLNR21B12L219T', 95087),
('PRNMHL21T23L219R', 91553),
('BDGVTI21E12L219Q', 12733),
('BGIMND21T16L219E', 13753),
('GLTFMM21T22L219K', 58309),
('SGNCLD21P12L219W', 43359),
('VTTFTN21T15L219R', 61007),;
