INSERT IGNORE INTO Film(codF, titolo, genere, durata, dataUscita, idSerie)
	VALUES(00001, 'Star Wars: Episodio VI - Il ritorno dello Jedi','fantascienza', 134, '1983/05/25'  , NULL) ;

INSERT IGNORE INTO Indirizzo(codInd, citta, via, civico, CAP)
	-- casa di george lucas
VALUES (24673, 'nicasio', 'lucas valley rid', 5858, 94946),
    -- casa regista
        (38734, 'cardiff', 'st angel str', 89, 15234),
    -- Mark Hamill
        (37065, 'north malvinafurt', 'ryan turnpike', 198, 56893),
    -- 	David Prowse aka Darth Vader
        (29438, 'Larsonside', 'Grimes Ferry', 4803, 70476),
    -- 	Alec Guinnes  aka Obi wan
        (18692, 'Felipeport', 'Nicolas Branch Suite 189', 78261, 97077),
    -- Harry Ford
        (19639, 'lake khalidside', 'heidenreich ways', 338, 81079),
    -- Carrie Fisher
        (19447, 'south erictown', 'dereck hill', 473, 89559),
    -- sede dell UCI
        (18302, 'Milano', 'Corso Semprione', 39, 20145),
    -- sede territoriale uci savignano
        (16395, 'savignano', 'Piazza Metropolis', 18, 47039),
    -- indirizzo finanziatore michel barnaby
        (49429, 'New Henderson', 'Gislason Ridge', 605, 47614),
    -- indirizzo starbucks
        (15293, 'Vermont', 'Jayden Villages', 3444, 54808 ),
    -- indirizzo aiuto regista
        (17349, 'Arielleport', 'Ashton Tunnel', 645, 48937),
    -- indirizzo capo regista
        (19834, 'North Christellemouth', 'Keagan Circles', 6, 35637),
    -- indirizzo Stilista
        (17439, 'Maine', 'McDermott Manors', 339, 33812),
    -- indirizzo Operatore fonico
        (19900, 'Indiana', 'Brayan Square', 672, 14329),
    -- indirizzo Operatore fotografico
        (12346, 'Lake Nyahmouth', 'McGlynn Brooks', 418, 70444),
    -- indirizzo Magazzino
        (19341, 'South Veronafurt', 'Alejandra Ports', 658, 28270),
    -- indirizzo Studio simulazione Navi spaziali
        (74921, 'Devyn Tromp', ' Aditya Lakes Apt. 670', 742, 74921),
    -- indirizzo Sky forge ditta crea modelli spasa laser
        (16378,'Caverzere','Armando Diaz',1,30014),
    -- indirizzo etsy
        (13859,'New York', 'Adams Street', 117, 11201),
    -- indirizzo star wars industries
        (16957, 'New York', 'Empire State', 23, 34534);




INSERT IGNORE INTO Ruolo(nomeRuolo) VALUES ('sceneggiatore'),
										   ('produttore'),
                                           ('produttore esecutivo'),
										   ('aiuto regista'),
									       ('capo regista'),
                                           ('regista'),
										   ('attore'),
										   ('stilista'),
										   ('operatore fonico'),
										   ('operatore fotografico');

INSERT IGNORE INTO MembroTroupe(CF, nome, cognome, iban, dataNascita, telefono,
							codInd, percentualeContributo)
	-- produttore esecutivo George Lucas
	VALUES ('GRGLCS14ES44', 'George', 'Lucas', 'GB98BARC20040156884556',
				'1944/05/14', '516-527-8719', 24673, 1.0),
	-- regista
        ('RCHMRQ22IS37', 'Richard', 'Marquand', 'GB98BARC20035361814589',
    			'1937/12/22', '205-802-5689', 38734, .47),
	-- Luke Skywalker
    	('MRKHML25IS51', 'Mark', 'Hamill', 'GB56BARC20038438638758',
    			'1951/09/25', '214-989-5138', 37065, NULL),
    -- Darth Vader
    	('DVDPRW01GS32', 'David', 'Prose', '49371118',
    			'1932/07/01', '469-918-8933', 29438, NULL),
    -- Obi wan
    	('ALCGNS02DS14', 'Alec', 'Guinness', '49371118',
    			'1914/04/02', '449-6009-3795', 18692, NULL),
    -- Ian solo
    	('HRSFRD13GS42', 'Harrison', 'Ford', 'GB25BARC20039569987273',
    			'1942-07-13', '205-944-3057', 19639, NULL),
    -- Leila Skywalker
    	('CRRFSH21NS56','Carrie', 'Fisher', 'GB20BARC20031835638431',
    			'1956-12-21', '231-687-4750', 19447, NULL),
    	-- Aiuto regista
    	('GLBTLY12DS14','Gilbert', 'Taylor', 'GB77BARC20038424775819',
    			'1914-04-12', '582-583-2011', 17349, 0.8),
    -- Stilista
    	('JNTSTYD27S39','Jonathan', 'Style', 'GB44BARC20031817174534',
    			'1939-04-27', '623-988-4632', 17439, NULL),
    -- Operatore Fonico
	    ('KVNMCGE03S18','Kevin', 'McGrail', 'GB44BARC20031817137209',
				'1918-05-03', '724-829-1163', 19900, NULL),
    -- Operatore fotografico
    	('DVDCLLOE03S18','David', 'Chiello', 'GB44BARC20031817137209',
    			'1918-05-03', '724-829-1163', 12346, NUlL),
    -- Capo regista
    	('ANWJRGA24S33','Andrew', 'Jorge', 'GB13BARC20038029125126',
    			'1933-01-24', '342-112-5431', 19834, NULL);

INSERT IGNORE INTO RuoloMembroTroupe(CF, nomeRuolo)
    VALUES ('GRGLCS14ES44', 'Produttore Esecutivo'),
           ('GRGLCS14ES44', 'Sceneggiatore'),
           ('GRGLCS14ES44', 'Produttore'),

           ('RCHMRQ22IS37', 'Regista'),
           ('MRKHML25IS51', 'Attore'),
           ('DVDPRW01GS32', 'Attore'),
           ('ALCGNS02DS14', 'Attore'),
           ('HRSFRD13GS42', 'Attore'),
           ('CRRFSH21NS56', 'Attore'),
           ('GLBTLY12DS14', 'Aiuto Regista'),
           ('ANWJRGA24S33', 'Capo Regista'),
           ('JNTSTYD27S39', 'Stilista'),
           ('KVNMCGE03S18', 'Operatore Fonico'),
           ('DVDCLLOE03S18', 'Operatore Fotografico');


INSERT IGNORE INTO Film_Membro_Troupe(codF, CF)
    -- George lucas
    VALUES (1, 'GRGLCS14ES44'),
    -- regista
    (1, 'RCHMRQ22IS37'),
    -- luke
    (1, 'MRKHML25IS51'),
    -- Darth
    (1, 'DVDPRW01GS32'),
    -- Obi wan
    (1, 'ALCGNS02DS14'),
     -- ian
    (1, 'HRSFRD13GS42'),
    -- leila
    (1, 'CRRFSH21NS56'),
    -- Aiuto regista
    (1, 'GLBTLY12DS14'),
    -- capo regista
    (1, 'ANWJRGA24S33'),
    -- stilista
    (1, 'JNTSTYD27S39'),
    -- operatore fonico
    (1, 'KVNMCGE03S18'),
    -- operatore fotografico
    (1, 'DVDCLLOE03S18');

INSERT IGNORE INTO Enti(P_IVA,nome,codInd)
    -- ente di distribuizone
    VALUES (40365320379, "UCI Milano", 18302);

INSERT IGNORE INTO SediTerritoriali(P_IVA, codInd)
    VALUES (40365320379, 16395);

INSERT IGNORE INTO SerieLetteraria(idSerie, titolo, genere , CF)
    -- serie letteraria scritta da george lucas
    VALUES ( 'MRVCMCSW', 'Star Wars-Marvel Comic', 'Sci-fi', 'GRGLCS14ES44');

INSERT IGNORE INTO Sponsor(P_IVA_SPONSOR, nome)
    -- MC
    VALUES('21708660770', 'McDonald SPA'),
    -- Porsche
    ('77072550757', 'Porsche'),
    -- Bose
    ('29218600871', 'Bose'),
    -- Samsung
    ('53179880082', 'Samsung Galaxy');

INSERT IGNORE INTO Finanziatore(P_IVA_FINANZIATORE, nome,codInd ,percentualeGuadagno)
    -- Finanziatore 1
    VALUES('31562270996', 'Micheal Barnaby', 49429, 1.8),
    -- La starbucks che investe in starWars !
    ('40211260761', 'Starbucks',  15293 , 0.19);

INSERT IGNORE INTO Magazzino(numMagazzino, codInd)
    -- magazzino principale
    VALUES(1,19341);

INSERT IGNORE INTO PosizioneMagazzino(codP, numMagazzino, scaffale, percorso)
    -- Posizione costume luke skywalker
        VALUES(25588, 1, 2, 'S'),
    -- Posizione costume Darth
        (25298, 1, 6, 'D'),
     -- Posizione costume leila
        (25252, 1, 41, 'S'),
    -- Posizione costume han solo
        (84425, 1, 7, 'N'),
    -- Posizione costume obi wan
        (74120, 1, 88, 'O'),
    -- Posizione spada blu
        (81401, 1, 11, 'B'),
    -- Posizione spada Rossa
        (91241, 1, 2, 'P');

INSERT IGNORE INTO Costume(codC, tipo, descrizione, CF, codP)
    -- costume Luke
    VALUES(49262 ,'fantasia','Costume di Luke Skywalker, kimono nero, stivali, spada Laser Blu','MRKHML25IS51', 25588),

    -- costume Darth vader
    (55124 ,'fantasia','Costume di Darth Vader, Maschera, Spada Rossa, Mantello','DVDPRW01GS32', 25298),

    -- costume Leila
    (53921 ,'fantasia','Costume di Leila, bikini Jabba the Hat','CRRFSH21NS56', 25252),
    -- costume   Han Solo
    (47429 ,'fantasia','Costume di Han Solo, piastra di metallo, pistola, giubboto','HRSFRD13GS42', 84425),
    -- costume Obi Wan
    (41231 ,'fantasia','Costume di Obi Wan, Sudario Jedi,  spada blu','ALCGNS02DS14', 74120);


INSERT IGNORE INTO Incasso(dataInizio, dataFine, incasso, codF, codInd)
    -- incasssi savignano, primo mese
VALUES ('1977-10-21', '1977-10-28', 53011203, 1, 16395),
       ('1977-10-29', '1977-11-04', 46284614, 1, 16395),
       ('1977-11-05', '1977-11-12', 27595582, 1, 16395),
       ('1977-11-13', '1977-11-20', 36983558, 1, 16395);

INSERT IGNORE INTO Fondo(codFondo, dataAccredito, patrimonio, P_IVA_SPONSOR, P_IVA_FINANZIATORE,codF)
    -- george lucas ha contribuito al fondo
VALUES (1, '1977-01-05', 2000000, '53179880082', null, 1);


INSERT IGNORE INTO ScenaCiak(codScena, noteDiProduzione, rullo, numRiprese, durataOre, costoAffittoGiornaliero, codF)
-- scena
VALUES (00456, 'Scena in cui luke skywalker salva la principessa leila dalle grinfie di Dart Vader', 4, 5, 2, 200, 1),
    (04745, 'Scena in cui luke skywalker distrugge la morte nera', 15, 1, .5, 200, 1),
    (03245, 'Scena in cui luke skywalker assiste alla morte di obi wan', 11, 7, 4, 200, 1),
    (00789, 'Scena in cui luke skywalker guida il millenium falcon con Ian solo', 5, 5, 3, 200, 1);

INSERT IGNORE INTO MembroTroupeScena(codScena ,CF)
    -- personaggi presenti in scena ???
VALUES (00456,'CRRFSH21NS56'), (00456,'MRKHML25IS51'), (00456, 'DVDPRW01GS32'),
       (00789,'MRKHML25IS51'), (00789, 'HRSFRD13GS42'),
       (04745,'MRKHML25IS51'), (04745, 'DVDPRW01GS32'),
       (03245,'MRKHML25IS51'), (03245, 'DVDPRW01GS32'), (03245, 'ALCGNS02DS14');

INSERT IGNORE INTO CostumeScena(codC, codScena)
    -- han solo 47429
    -- luke 49262
    -- leila 53921
    -- darth 55124
    VALUES (53921, 00456), (49262, 00456), (55124, 00456),
           (49262, 00789), (47429, 00789),
           (49262, 04745), (55124, 04745),
           (49262, 03245), (55124, 03245), (41231, 03245);

INSERT IGNORE INTO OggettiDiScena(codO, tipo, descrizione, codP)
    VALUES (402, 'armi', 'Spada blu Di anakin', 81401),
           (66, 'armi', 'Spada rossa Darth vader', 91241),
           (55, 'armi','Fucile Blaster E-5', 25588),
           (23, 'armi', 'Cannone blaster rotante Z-6', 25588);

INSERT IGNORE INTO OggettoScena(codO,codScena)
VALUES (402,00456), (66,00456), (402,03245), (66,03245),
        (55, 00456), (23, 00456);

INSERT IGNORE INTO Ditta(P_IVA_DITTA, nome, codInd)
VALUES (04502240270, 'Skyforge Sabers', 16378),
       (06363391001, 'Etsy', 13859),
       (03453323434,'Star Wars Industries',16957);

INSERT IGNORE INTO Acquisto(idAcquisto, data, prezzoTotale, P_IVA_DITTA)
VALUES (1,'1977-07-07', 200, 04502240270),
       (2,'1977-07-10', 100, 06363391001),
       (3,'1977-05-12', 1050, 03453323434);

INSERT IGNORE INTO AcquistoOggetto(codO, idAcquisto, prezzo)
VALUES (402, 1, 100), (66,1,100), (55,2,35), (23,2,65);

INSERT IGNORE INTO AcquistoCostume(codC, idAcquisto, prezzo)
VALUES (49262, 3, 200), (53921,3,200), (55124,3,250), (47429,3,200), (41231,3,200);


-- Le riprese sono iniziate il 22 marzo 1976 e finirono il 16 luglio 1976
-- 116 giorni - 32 sabato/domeniche = 84 giorni di lavoro "puro"

INSERT IGNORE INTO BustaPaga(codB, retribuzioneOraria, oreLavorate, mese)
    -- luke skywalker
    VALUES (12301, 32, 124.2, 'marzo'),
    (47918, 32, 111.2, 'aprile'),
    (09581, 32, 102.2, 'maggio'),
    (05982, 32, 141.2, 'giugno'),
    (41012, 32, 199.2, 'luglio'),
    -- ian solo
    (65481, 77, 153.2, 'aprile'),
    (96848, 77, 101.4, 'maggio'),
    (98431, 77, 169.2, 'luglio'),
    -- darth vader
    (68481, 15, 89.3, 'marzo'),
    (98741, 15, 14.8, 'luglio');

INSERT IGNORE INTO Retribuzione(CF, CodB) 
    -- luke
    VALUES  ('MRKHML25IS51', 47918),
            ('MRKHML25IS51', 09581),
            ('MRKHML25IS51', 05982),
            ('MRKHML25IS51', 41012),
    -- ian solo
            ('HRSFRD13GS42', 65481), 
            ('HRSFRD13GS42', 96848),
            ('HRSFRD13GS42', 98431),
    -- darth vader
            ('DVDPRW01GS32', 68481),
            ('DVDPRW01GS32', 98741);

INSERT IGNORE INTO Film(codF, titolo, genere, durata, dataUscita, idSerie)
	VALUES (2, 'Il signore degli anelli, la compagnia dell anello','fantascienza', 178, '1998/07/1'  , NULL); 

INSERT IGNORE INTO Indirizzo(codInd, citta, via, civico, CAP) VALUES 
(48324, 'Armando laziale', 'Contrada Massimo', '81', 48530),
(35571, 'Ruggero terme', 'Canale Irma', '8', 32372),
(68649, 'Sesto Flavia', 'Canale Tron', '82', 34428),
(98782, 'Saraceno salentino', 'Rotonda Dante', '431', 48766),
(86523, 'Settimo Michele sardo', 'Canale Fausto', '7', 54904),
(89243, "Bompiani nell'emilia", 'Borgo Lando', '13', 90241),
(85039, "Ajello nell'emilia", 'Incrocio Silvio', '82', 8836),
(33086, 'San Paoletta', 'Borgo Sabatino', '08', 24512),
(69039, 'San Silvio', 'Via Delle', '5', 45266),
(80398, 'Benigni sardo', 'Incrocio Antonio', '91', 64752),
(51492, 'Sesto Ranieri terme', 'Stretto Trebbi', '8', 86234),
(19196, 'San Ramona del friuli', 'Incrocio Faranda', '9', 67111),
(82426, 'Settimo Gionata', 'Contrada Calcedonio', '3', 19403),
(53612, 'Borgo Silvia calabro', 'Viale Sylvia', '1', 2284),
(25015, 'Bova calabro', 'Strada Tagliafierro', '66', 21799),
(28235, 'Matilda a mare', 'Strada Nadia', '924', 1286),
(16316, 'Benedetto ligure', 'Strada Carolina', '133', 5193),
(80745, 'Montanariello terme', 'Rotonda Costanzi', '307', 90387),
(52528, 'Amadeo umbro', 'Strada Giorgetti', '769', 65520),
(68922, 'Martucci sardo', 'Strada Graziano', '41', 11617),
(52117, 'Tornatore umbro', 'Canale Allegra', '983', 17729),
(90901, 'Vergerio lido', 'Borgo Coriolano', '73', 66520),
(68026, 'Settimo Claudia', 'Contrada Paltrinieri', '77', 18865);
INSERT IGNORE INTO MembroTroupe(CF, nome, cognome, iban, dataNascita, telefono, codInd) VALUES 
('PPEPNI21T31L219B', 'Pepe', 'Pina', 'IT51K0023186606940484806011', '2021-12-31', '+39 25 0105562', 48324),
('TMMSLL21T31L219I', 'Tommaseo', 'Isabella', 'IT03J1131729714811719091875', '2021-12-31', '+39 677 83772342', 35571),
('TZZGTV22S01L219E', 'Tuzzolino', 'Gustavo', 'IT91O3475815457772719902887', '2022-01-11', '+39 689 51 57 2778', 68649),
('VNLMRA22A15L219D', 'Vianello', 'Mauro', 'IT84Q3204985187982292399844', '2022-01-15', '+39 7194 24820023', 98782),
('CRSFRD21T26L219V', 'Crespi', 'Fredo', 'IT70F6147683137583056812053', '2021-12-26', '+39 4581 2009943', 86523),
('VRCNNT21T25L219B', 'Vercelloni', 'Antonietta', 'IT62L7906079522331032779730', '2021-12-25', '+39 857 03 03 9859', 89243),
('VRDGZN21T25L219T', 'Verdone', 'Graziano', 'IT32J3891906336063042111528', '2021-12-25', '+39 57 2600432', 85039),
('MNTMLT21T26L219Z', 'Montessori', 'Amleto', 'IT07F0301492535778895363148', '2021-12-26', '+39 05 19905016', 33086),
('LPRGZN22A13L219T', 'Lopresti', 'Graziano', 'IT94I4947483599462809366266', '2022-01-13', '+39 7550 9387815', 69039),
('MRNNNL21T22L219I', 'Marenzio', 'Antonello', 'IT81H2963033959475809495633', '2021-12-22', '+39 167 29 80 7803', 80398),
('VTTRNN21T31L219Y', 'Vittadello', 'Ermanno', 'IT26X8084412999809247008921', '2021-12-31', '+39 608 35 22 7092', 51492),
('BCCFRN21T22L219U', 'Beccaria', 'Fiorino', 'IT74U0472477667414119136295', '2021-12-22', '+39 92 6131841', 19196),
('MNDGLR22H01L219X', 'Mondaini', 'Gloria', 'IT63Q6854084991991656461052', '2022-01-06', '+39 3975 26940170', 82426),
('NTTGLI22S01L219Y', 'Nitti', 'Gioele', 'IT87U4345005171964938488104', '2022-01-11', '+39 599 32689269', 53612),
('RMNNCI22L01L219L', 'Armani', 'Nico', 'IT68A0494993419866242793360', '2022-01-07', '+39 017 40940651', 25015),
('MNTGTN21T29L219D', 'Montesano', 'Gastone', 'IT58O5095621163088756686939', '2021-12-29', '+39 29 61903267', 28235),
('MRCMRN22A18L219J', 'Mercantini', 'Marina', 'IT17U2888760819763862492096', '2022-01-18', '+39 595 0316205', 16316),
('BDNNCL22A18L219O', 'Bodoni', 'Nicola', 'IT73W3421785660985123694079', '2022-01-18', '+39 5135 05079592', 80745),
('FCNRTR21T31L219O', 'Foconi', 'Arturo', 'IT22V7896651667482064387567', '2021-12-31', '+39 825 6984708', 52528);
INSERT IGNORE INTO RuoloMembroTroupe(CF, nomeRuolo) VALUES 
('PPEPNI21T31L219B', 'operatore fotografico'),
('TMMSLL21T31L219I', 'produttore'),
('TZZGTV22S01L219E', 'sceneggiatore'),
('VNLMRA22A15L219D', 'produttore esecutivo'),
('CRSFRD21T26L219V', 'operatore fonico'),
('VRCNNT21T25L219B', 'stilista'),
('VRDGZN21T25L219T', 'produttore esecutivo'),
('MNTMLT21T26L219Z', 'operatore fotografico'),
('LPRGZN22A13L219T', 'operatore fonico'),
('MRNNNL21T22L219I', 'aiuto regista'),
('VTTRNN21T31L219Y', 'produttore esecutivo'),
('BCCFRN21T22L219U', 'attore'),
('MNDGLR22H01L219X', 'aiuto regista'),
('NTTGLI22S01L219Y', 'operatore fonico'),
('RMNNCI22L01L219L', 'produttore esecutivo'),
('MNTGTN21T29L219D', 'sceneggiatore'),
('MRCMRN22A18L219J', 'aiuto regista'),
('BDNNCL22A18L219O', 'operatore fotografico'),
('FCNRTR21T31L219O', 'stilista');
INSERT IGNORE INTO Film_Membro_Troupe(codF, CF) VALUES 
(2, 'PPEPNI21T31L219B'),
(2, 'TMMSLL21T31L219I'),
(2, 'TZZGTV22S01L219E'),
(2, 'VNLMRA22A15L219D'),
(2, 'CRSFRD21T26L219V'),
(2, 'VRCNNT21T25L219B'),
(2, 'VRDGZN21T25L219T'),
(2, 'MNTMLT21T26L219Z'),
(2, 'LPRGZN22A13L219T'),
(2, 'MRNNNL21T22L219I'),
(2, 'VTTRNN21T31L219Y'),
(2, 'BCCFRN21T22L219U'),
(2, 'MNDGLR22H01L219X'),
(2, 'NTTGLI22S01L219Y'),
(2, 'RMNNCI22L01L219L'),
(2, 'MNTGTN21T29L219D'),
(2, 'MRCMRN22A18L219J'),
(2, 'BDNNCL22A18L219O'),
(2, 'FCNRTR21T31L219O');
INSERT IGNORE INTO ScenaCiak(codScena, noteDiProduzione, rullo, numRiprese, durataOre, costoAffittoGiornaliero, codF) VALUES
 (30366, 'Scena n. 0', 55, 980, 282, 75, 2),
 (36290, 'Scena n. 1', 22, 944, 162, 46, 2),
 (41029, 'Scena n. 2', 87, 788, 349, 93, 2),
 (47731, 'Scena n. 3', 58, 545, 781, 19, 2),
 (91944, 'Scena n. 4', 31, 373, 318, 17, 2),
 (94933, 'Scena n. 5', 89, 519, 227, 48, 2),
 (64303, 'Scena n. 6', 51, 142, 396, 12, 2),
 (10377, 'Scena n. 7', 45, 929, 304, 46, 2),
 (79318, 'Scena n. 8', 21, 550, 141, 34, 2),
 (41972, 'Scena n. 9', 46, 617, 701, 77, 2),
 (93610, 'Scena n. 10', 43, 730, 322, 82, 2),
 (89826, 'Scena n. 11', 91, 667, 105, 43, 2),
 (92272, 'Scena n. 12', 59, 342, 985, 85, 2),
 (74996, 'Scena n. 13', 79, 829, 847, 31, 2),
 (62135, 'Scena n. 14', 71, 701, 592, 96, 2),
 (96686, 'Scena n. 15', 29, 599, 837, 86, 2),
 (10737, 'Scena n. 16', 62, 624, 674, 74, 2),
 (96961, 'Scena n. 17', 23, 850, 922, 79, 2),
 (12939, 'Scena n. 18', 27, 721, 606, 87, 2);
INSERT IGNORE INTO PosizioneMagazzino(codP, numMagazzino, scaffale, percorso) VALUES
 (41876, 1, 1, 'A'),
 (17066, 1, 6, 'M'),
 (85793, 1, 2, 'I'),
 (28588, 1, 4, 'Q'),
 (91957, 1, 2, 'A'),
 (11595, 1, 9, 'T'),
 (23456, 1, 3, 'Z'),
 (91322, 1, 9, 'N'),
 (44697, 1, 3, 'L'),
 (92979, 1, 6, 'O'),
 (30225, 1, 6, 'Y'),
 (43108, 1, 1, 'C'),
 (22477, 1, 7, 'Y'),
 (62627, 1, 8, 'P'),
 (99299, 1, 2, 'F'),
 (24874, 1, 5, 'K'),
 (15883, 1, 3, 'W'),
 (53333, 1, 9, 'G'),
 (62198, 1, 1, 'I');
INSERT IGNORE INTO Costume(codC, tipo, descrizione, CF, codP) VALUES 
 (30535, 'fantasia', 'costume di scena n.1', 'MRNNNL21T22L219I', 41876),
 (87873, 'epoca', 'costume di scena n.2', 'TMMSLL21T31L219I', 17066),
 (19479, 'fantasia', 'costume di scena n.3', 'PPEPNI21T31L219B', 85793),
 (69613, 'contemporaneo', 'costume di scena n.4', 'BDNNCL22A18L219O', 28588),
 (29776, 'fantasia', 'costume di scena n.5', 'VNLMRA22A15L219D', 91957),
 (67480, 'epoca', 'costume di scena n.6', 'MNTMLT21T26L219Z', 11595),
 (33773, 'fantasia', 'costume di scena n.7', 'NTTGLI22S01L219Y', 23456),
 (82891, 'epoca', 'costume di scena n.8', 'VNLMRA22A15L219D', 91322),
 (27322, 'epoca', 'costume di scena n.9', 'VTTRNN21T31L219Y', 44697),
 (53635, 'contemporaneo', 'costume di scena n.10', 'MNTMLT21T26L219Z', 92979),
 (74925, 'epoca', 'costume di scena n.11', 'NTTGLI22S01L219Y', 30225),
 (25622, 'epoca', 'costume di scena n.12', 'FCNRTR21T31L219O', 43108),
 (70011, 'epoca', 'costume di scena n.13', 'FCNRTR21T31L219O', 22477),
 (59409, 'contemporaneo', 'costume di scena n.14', 'TZZGTV22S01L219E', 62627),
 (77846, 'epoca', 'costume di scena n.15', 'CRSFRD21T26L219V', 99299),
 (34731, 'contemporaneo', 'costume di scena n.16', 'TZZGTV22S01L219E', 24874),
 (23202, 'fantasia', 'costume di scena n.17', 'FCNRTR21T31L219O', 15883),
 (55579, 'fantasia', 'costume di scena n.18', 'VRCNNT21T25L219B', 53333),
 (87284, 'contemporaneo', 'costume di scena n.19', 'MNDGLR22H01L219X', 62198);
INSERT IGNORE INTO CostumeScena(codC, codScena) VALUES 
(23202, 89826),
(29776, 47731),
(53635, 30366),
(69613, 10377),
(33773, 92272),
(33773, 41972),
(67480, 96686),
(25622, 62135),
(30535, 10377),
(77846, 41972),
(59409, 12939),
(19479, 93610),
(25622, 89826),
(34731, 92272),
(69613, 91944),
(77846, 41972),
(87873, 94933),
(74925, 47731),
(82891, 36290),
(67480, 41029),
(74925, 89826),
(53635, 79318),
(19479, 96961),
(30535, 30366),
(19479, 41029),
(30535, 89826),
(30535, 89826),
(27322, 96686),
(82891, 96686),
(23202, 92272),
(69613, 79318),
(82891, 92272),
(25622, 96686),
(70011, 96686),
(87284, 93610),
(55579, 96686),
(27322, 41029),
(34731, 64303),
(82891, 30366),
(33773, 47731),
(82891, 47731),
(27322, 10737),
(27322, 41972),
(74925, 62135),
(59409, 41029),
(55579, 96961),
(19479, 64303),
(87284, 10737),
(67480, 41972),
(19479, 79318),
(29776, 36290),
(70011, 62135),
(67480, 64303),
(55579, 96686),
(77846, 94933),
(82891, 92272),
(23202, 10377);
INSERT IGNORE INTO OggettiDiScena(codO, tipo, descrizione, codP) VALUES 
 (31957, 'strumentoMusicale', 'oggetto di scena n.1', 41876),
 (44162, 'motori', 'oggetto di scena n.2', 17066),
 (40540, 'arredo', 'oggetto di scena n.3', 85793),
 (33447, 'strumentoMusicale', 'oggetto di scena n.4', 28588),
 (21192, 'armi', 'oggetto di scena n.5', 91957),
 (51028, 'mobili', 'oggetto di scena n.6', 11595),
 (23008, 'maschere', 'oggetto di scena n.7', 23456),
 (47370, 'mobili', 'oggetto di scena n.8', 91322),
 (90066, 'strumentoMusicale', 'oggetto di scena n.9', 44697),
 (51078, 'maschere', 'oggetto di scena n.10', 92979),
 (84553, 'armi', 'oggetto di scena n.11', 30225),
 (40564, 'motori', 'oggetto di scena n.12', 43108),
 (13433, 'arredo', 'oggetto di scena n.13', 22477),
 (98013, 'maschere', 'oggetto di scena n.14', 62627),
 (17515, 'maschere', 'oggetto di scena n.15', 99299),
 (77723, 'strumentoMusicale', 'oggetto di scena n.16', 24874),
 (44284, 'strumentoMusicale', 'oggetto di scena n.17', 15883),
 (35942, 'arredo', 'oggetto di scena n.18', 53333),
 (86164, 'mobili', 'oggetto di scena n.19', 62198);
INSERT IGNORE INTO OggettoScena(codO,codScena) VALUES
(33447, 36290),
(17515, 62135),
(31957, 93610),
(44162, 96686),
(51028, 64303),
(33447, 94933),
(40564, 89826),
(86164, 96686),
(13433, 47731),
(47370, 89826),
(47370, 94933),
(13433, 89826),
(98013, 74996),
(44284, 12939),
(51028, 92272),
(35942, 36290),
(13433, 94933),
(17515, 10377),
(40564, 10737),
(51028, 94933),
(40564, 92272),
(17515, 89826),
(33447, 10377),
(21192, 41029),
(44162, 41972),
(98013, 96961),
(40540, 79318),
(98013, 64303),
(90066, 93610),
(51028, 64303),
(47370, 74996),
(90066, 10737),
(86164, 96686),
(40540, 41029),
(17515, 62135),
(51028, 74996),
(51028, 94933),
(51028, 89826),
(17515, 41972),
(86164, 36290),
(35942, 30366),
(17515, 96961),
(44162, 96961),
(35942, 92272),
(44162, 94933),
(51028, 36290),
(35942, 92272),
(40540, 36290),
(51028, 64303),
(51028, 89826),
(86164, 96686),
(77723, 89826),
(51028, 79318),
(33447, 36290),
(17515, 74996),
(40540, 74996),
(40564, 36290);
INSERT IGNORE INTO MembroTroupeScena(codScena ,CF) VALUES 
(30366, 'LPRGZN22A13L219T'),
(30366, 'VRDGZN21T25L219T'),
(30366, 'BCCFRN21T22L219U'),
(30366, 'RMNNCI22L01L219L'),
(36290, 'VRDGZN21T25L219T'),
(36290, 'BDNNCL22A18L219O'),
(36290, 'NTTGLI22S01L219Y'),
(36290, 'RMNNCI22L01L219L'),
(41029, 'VRDGZN21T25L219T'),
(41029, 'CRSFRD21T26L219V'),
(41029, 'FCNRTR21T31L219O'),
(41029, 'BDNNCL22A18L219O'),
(47731, 'MRNNNL21T22L219I'),
(47731, 'BCCFRN21T22L219U'),
(47731, 'BCCFRN21T22L219U'),
(47731, 'VTTRNN21T31L219Y'),
(91944, 'MNTMLT21T26L219Z'),
(91944, 'PPEPNI21T31L219B'),
(91944, 'VRCNNT21T25L219B'),
(91944, 'MRCMRN22A18L219J'),
(94933, 'VNLMRA22A15L219D'),
(94933, 'MNDGLR22H01L219X'),
(94933, 'TZZGTV22S01L219E'),
(94933, 'LPRGZN22A13L219T'),
(64303, 'VRCNNT21T25L219B'),
(64303, 'MNTGTN21T29L219D'),
(64303, 'MNTGTN21T29L219D'),
(64303, 'VRCNNT21T25L219B'),
(10377, 'TMMSLL21T31L219I'),
(10377, 'MNTGTN21T29L219D'),
(10377, 'VNLMRA22A15L219D'),
(10377, 'VTTRNN21T31L219Y'),
(79318, 'BCCFRN21T22L219U'),
(79318, 'VNLMRA22A15L219D'),
(79318, 'PPEPNI21T31L219B'),
(79318, 'TMMSLL21T31L219I'),
(41972, 'LPRGZN22A13L219T'),
(41972, 'VRDGZN21T25L219T'),
(41972, 'MRCMRN22A18L219J'),
(41972, 'BDNNCL22A18L219O'),
(93610, 'VNLMRA22A15L219D'),
(93610, 'TZZGTV22S01L219E'),
(93610, 'MNTGTN21T29L219D'),
(93610, 'VRDGZN21T25L219T'),
(89826, 'BCCFRN21T22L219U'),
(89826, 'PPEPNI21T31L219B'),
(89826, 'RMNNCI22L01L219L'),
(89826, 'TZZGTV22S01L219E'),
(92272, 'BDNNCL22A18L219O'),
(92272, 'MNDGLR22H01L219X'),
(92272, 'FCNRTR21T31L219O'),
(92272, 'NTTGLI22S01L219Y'),
(74996, 'MRCMRN22A18L219J'),
(74996, 'LPRGZN22A13L219T'),
(74996, 'MRNNNL21T22L219I'),
(74996, 'MNTMLT21T26L219Z'),
(62135, 'MNTGTN21T29L219D'),
(62135, 'VRCNNT21T25L219B'),
(62135, 'PPEPNI21T31L219B'),
(62135, 'TZZGTV22S01L219E'),
(96686, 'VNLMRA22A15L219D'),
(96686, 'BCCFRN21T22L219U'),
(96686, 'VRCNNT21T25L219B'),
(96686, 'VNLMRA22A15L219D'),
(10737, 'MNTMLT21T26L219Z'),
(10737, 'FCNRTR21T31L219O'),
(10737, 'FCNRTR21T31L219O'),
(10737, 'PPEPNI21T31L219B'),
(96961, 'BCCFRN21T22L219U'),
(96961, 'MNTGTN21T29L219D'),
(96961, 'LPRGZN22A13L219T'),
(96961, 'TZZGTV22S01L219E'),
(12939, 'TZZGTV22S01L219E'),
(12939, 'TMMSLL21T31L219I'),
(12939, 'PPEPNI21T31L219B'),
(12939, 'MNDGLR22H01L219X');
INSERT IGNORE INTO Sponsor(P_IVA_SPONSOR, nome) VALUES 
('IT64A3586692220111081233032', 'Facebook');
INSERT IGNORE INTO Finanziatore(P_IVA_FINANZIATORE, nome,codInd ,percentualeGuadagno) VALUES
 ('IT28C5691061322926646213631', 'The Walt Disney Company', 68922, 0.47502393020847544),
 ('IT26T1896812335575376603094', 'Wells Fargo', 52117, 0.848984283871436),
 ('IT45L1848278153874223172987', 'Comcast', 90901, 0.8017190796932201),
 ('IT32C1939957617651498822468', 'Berkshire Hathaway', 68026, 0.3075192075319094);
INSERT IGNORE INTO Incasso(dataInizio, dataFine, incasso, codF, codInd) VALUES 
 ('2006-01-10', '2006-01-17', 6464388, 2, 16395),
 ('2006-01-17', '2006-01-24', 5383317, 2, 16395),
 ('2006-01-24', '2006-01-31', 9331596, 2, 16395),
 ('2006-01-31', '2006-02-07', 7397243, 2, 16395),
 ('2006-02-07', '2006-02-14', 6532653, 2, 16395),
 ('2006-02-14', '2006-02-21', 3862953, 2, 16395),
 ('2006-02-21', '2006-02-28', 1143411, 2, 16395),
 ('2006-02-28', '2006-03-07', 1808331, 2, 16395);
INSERT IGNORE INTO Fondo(codFondo, dataAccredito, patrimonio, P_IVA_SPONSOR, P_IVA_FINANZIATORE, codF) VALUES 
 (67856, '1987-03-14', 913045, null, 'IT28C5691061322926646213631', 2),
 (54583, '2006-06-22', 389257, null, 'IT26T1896812335575376603094', 2),
 (29463, '2007-03-11', 799200, null, 'IT45L1848278153874223172987', 2),
 (64546, '1973-07-21', 971189, null, 'IT32C1939957617651498822468', 2);
INSERT IGNORE INTO Fondo(codFondo, dataAccredito, patrimonio, P_IVA_SPONSOR, P_IVA_FINANZIATORE, codF) VALUES 
 (29694, '1997-10-22', 880389, 'IT64A3586692220111081233032', null, 2);
INSERT IGNORE INTO MembroTroupeScena(codScena ,CF) VALUES 
 (30366, 'VRCNNT21T25L219B'),
 (30366, 'MNDGLR22H01L219X'),
 (30366, 'VRCNNT21T25L219B'),
 (30366, 'MNTGTN21T29L219D'),
 (30366, 'VNLMRA22A15L219D'),
 (36290, 'RMNNCI22L01L219L'),
 (36290, 'LPRGZN22A13L219T'),
 (36290, 'PPEPNI21T31L219B'),
 (36290, 'CRSFRD21T26L219V'),
 (36290, 'BDNNCL22A18L219O'),
 (41029, 'TMMSLL21T31L219I'),
 (41029, 'MRNNNL21T22L219I'),
 (41029, 'VRDGZN21T25L219T'),
 (41029, 'MNTMLT21T26L219Z'),
 (41029, 'VRDGZN21T25L219T'),
 (47731, 'VNLMRA22A15L219D'),
 (47731, 'MRNNNL21T22L219I'),
 (47731, 'BCCFRN21T22L219U'),
 (47731, 'MNTGTN21T29L219D'),
 (47731, 'MRNNNL21T22L219I'),
 (91944, 'TZZGTV22S01L219E'),
 (91944, 'CRSFRD21T26L219V'),
 (91944, 'TMMSLL21T31L219I'),
 (91944, 'RMNNCI22L01L219L'),
 (91944, 'MNTMLT21T26L219Z'),
 (94933, 'MNTMLT21T26L219Z'),
 (94933, 'VNLMRA22A15L219D'),
 (94933, 'VTTRNN21T31L219Y'),
 (94933, 'TZZGTV22S01L219E'),
 (94933, 'MNTMLT21T26L219Z'),
 (64303, 'VTTRNN21T31L219Y'),
 (64303, 'VRCNNT21T25L219B'),
 (64303, 'VTTRNN21T31L219Y'),
 (64303, 'MRNNNL21T22L219I'),
 (64303, 'BCCFRN21T22L219U'),
 (10377, 'MNDGLR22H01L219X'),
 (10377, 'VNLMRA22A15L219D'),
 (10377, 'MNDGLR22H01L219X'),
 (10377, 'VRDGZN21T25L219T'),
 (10377, 'MNDGLR22H01L219X'),
 (79318, 'LPRGZN22A13L219T'),
 (79318, 'MNDGLR22H01L219X'),
 (79318, 'MNDGLR22H01L219X'),
 (79318, 'BCCFRN21T22L219U'),
 (79318, 'RMNNCI22L01L219L'),
 (41972, 'VRCNNT21T25L219B'),
 (41972, 'VTTRNN21T31L219Y'),
 (41972, 'MNTMLT21T26L219Z'),
 (41972, 'MRCMRN22A18L219J'),
 (41972, 'VTTRNN21T31L219Y'),
 (93610, 'CRSFRD21T26L219V'),
 (93610, 'VNLMRA22A15L219D'),
 (93610, 'RMNNCI22L01L219L'),
 (93610, 'RMNNCI22L01L219L'),
 (93610, 'VTTRNN21T31L219Y'),
 (89826, 'BCCFRN21T22L219U'),
 (89826, 'VNLMRA22A15L219D'),
 (89826, 'VTTRNN21T31L219Y'),
 (89826, 'LPRGZN22A13L219T'),
 (89826, 'BDNNCL22A18L219O'),
 (92272, 'PPEPNI21T31L219B'),
 (92272, 'TMMSLL21T31L219I'),
 (92272, 'PPEPNI21T31L219B'),
 (92272, 'TZZGTV22S01L219E'),
 (92272, 'BCCFRN21T22L219U'),
 (74996, 'MNDGLR22H01L219X'),
 (74996, 'TZZGTV22S01L219E'),
 (74996, 'VRDGZN21T25L219T'),
 (74996, 'BCCFRN21T22L219U'),
 (74996, 'NTTGLI22S01L219Y'),
 (62135, 'LPRGZN22A13L219T'),
 (62135, 'TMMSLL21T31L219I'),
 (62135, 'VNLMRA22A15L219D'),
 (62135, 'TZZGTV22S01L219E'),
 (62135, 'NTTGLI22S01L219Y'),
 (96686, 'TZZGTV22S01L219E'),
 (96686, 'VRDGZN21T25L219T'),
 (96686, 'VTTRNN21T31L219Y'),
 (96686, 'RMNNCI22L01L219L'),
 (96686, 'MNDGLR22H01L219X'),
 (10737, 'RMNNCI22L01L219L'),
 (10737, 'PPEPNI21T31L219B'),
 (10737, 'BDNNCL22A18L219O'),
 (10737, 'LPRGZN22A13L219T'),
 (10737, 'VNLMRA22A15L219D'),
 (96961, 'CRSFRD21T26L219V'),
 (96961, 'MNTGTN21T29L219D'),
 (96961, 'VNLMRA22A15L219D'),
 (96961, 'BCCFRN21T22L219U'),
 (96961, 'NTTGLI22S01L219Y'),
 (12939, 'LPRGZN22A13L219T'),
 (12939, 'VRDGZN21T25L219T'),
 (12939, 'LPRGZN22A13L219T'),
 (12939, 'VTTRNN21T31L219Y'),
 (12939, 'LPRGZN22A13L219T');
INSERT IGNORE INTO BustaPaga(codB, retribuzioneOraria, oreLavorate, mese) VALUES 
(30880, 14, 71, 'giugno'),
(89882, 31, 112, 'maggio'),
(73004, 25, 47, 'settembre'),
(20597, 35, 89, 'agosto'),
(92728, 26, 184, 'gennaio'),
(75938, 38, 52, 'febbraio'),
(24126, 28, 113, 'marzo'),
(39403, 11, 106, 'giugno'),
(70617, 7, 83, 'agosto'),
(48722, 30, 88, 'marzo'),
(22934, 13, 126, 'marzo'),
(62625, 39, 118, 'maggio'),
(17963, 19, 118, 'gennaio'),
(93703, 26, 66, 'luglio'),
(71646, 18, 124, 'agosto'),
(22341, 30, 157, 'ottobre'),
(91311, 45, 161, 'febbraio'),
(63034, 14, 99, 'novembre'),
(95896, 28, 136, 'marzo');
INSERT IGNORE INTO Retribuzione(CF, CodB) VALUES
('PPEPNI21T31L219B', 30880),
('TMMSLL21T31L219I', 89882),
('TZZGTV22S01L219E', 73004),
('VNLMRA22A15L219D', 20597),
('CRSFRD21T26L219V', 92728),
('VRCNNT21T25L219B', 75938),
('VRDGZN21T25L219T', 24126),
('MNTMLT21T26L219Z', 39403),
('LPRGZN22A13L219T', 70617),
('MRNNNL21T22L219I', 48722),
('VTTRNN21T31L219Y', 22934),
('BCCFRN21T22L219U', 62625),
('MNDGLR22H01L219X', 17963),
('NTTGLI22S01L219Y', 93703),
('RMNNCI22L01L219L', 71646),
('MNTGTN21T29L219D', 22341),
('MRCMRN22A18L219J', 91311),
('BDNNCL22A18L219O', 63034),
('FCNRTR21T31L219O', 95896);

INSERT IGNORE INTO Film(codF, titolo, genere, durata, dataUscita, idSerie)
	VALUES (3, 'La Mummia','fantascienza', 120, '1999/5/27'  , NULL);

INSERT IGNORE INTO Indirizzo(codInd, citta, via, civico, CAP) VALUES 
(77376, 'Sesto Livia del friuli', 'Rotonda Alfieri', '51', 49950),
(53483, 'Sesto Nanni laziale', 'Viale Carocci', '3', 2106),
(93914, 'Garibaldi del friuli', 'Incrocio Pertile', '32', 44974),
(78934, 'San Enzo umbro', 'Vicolo Bresciani', '132', 64082),
(46132, 'Quarto Zaira salentino', 'Piazza Silvio', '66', 39885),
(87745, 'Borgo Romeo', 'Incrocio Serena', '99', 37168),
(62843, 'Quarto Franco', 'Canale Smirnoff', '7', 53914),
(23399, 'Pompeo calabro', 'Piazza Concetta', '4', 11048),
(87633, 'Borgo Amalia laziale', 'Via Stella', '552', 83347),
(20666, 'San Maurilio', 'Canale Amadeo', '4', 90391),
(12064, 'Borgo Fernanda terme', 'Vicolo Aloisio', '145', 84078),
(31095, 'Alfredo veneto', 'Viale Corradi', '2', 43422),
(81545, 'Allegra terme', 'Stretto Mondaini', '0', 23477),
(38395, "Vincenzo nell'emilia", 'Vicolo Nadia', '492', 39784),
(21653, 'Borgo Cecilia', 'Vicolo Scalera', '99', 51769),
(30519, 'San Pierangelo', 'Piazza Beccheria', '9', 10238),
(38589, 'Borgo Gianfrancesco veneto', 'Rotonda Sabatino', '0', 5570),
(24201, 'Pertini umbro', 'Stretto Ruggero', '458', 37247),
(87738, 'Pompeo veneto', 'Viale Costanzo', '89', 61059),
(79107, 'Maggioli sardo', 'Borgo Gionata', '8', 23411),
(31398, 'Quarto Erika del friuli', 'Stretto Ottone', '234', 32602),
(79767, "Pizzamano nell'emilia", 'Piazza Salvemini', '937', 28419),
(32569, 'Saverio umbro', 'Rotonda Tiziana', '04', 69735);
INSERT IGNORE INTO MembroTroupe(CF, nome, cognome, iban, dataNascita, telefono, codInd) VALUES 
('SCLCSN21T29L219W', 'Scalera', 'Cassandra', 'IT69B1128651985775989964150', '2021-12-29', '+39 819 91978382', 77376),
('RGNCSR22B01L219G', 'Argenti', 'Cesare', 'IT97K8657134218545455057481', '2022-01-02', '+39 057 80 20 2479', 53483),
('GRMTZN21T29L219E', 'Grimani', 'Tiziano', 'IT08S9393062003523896095538', '2021-12-29', '+39 619 3646821', 93914),
('VDNSLV21T27L219X', 'Vidoni', 'Silvia', 'IT92X9444785234734313303231', '2021-12-27', '+39 721 2130893', 78934),
('MZZDNT22M01L219P', 'Mazzeo', 'Dante', 'IT31W6028706952417278418782', '2022-01-08', '+39 4439 6763188', 46132),
('GNZCLL22A21L219M', 'Guinizzelli', 'Cirillo', 'IT47K8440457345887213150946', '2022-01-21', '+39 1080 2464685', 87745),
('TMSPTT22A14L219M', 'Tomasetti', 'Paoletta', 'IT52R3850736501359158219452', '2022-01-14', '+39 899 53 40 7807', 62843),
('SGLGMR22M01L219W', 'Sgalambro', 'Gianmarco', 'IT95T5583442497044773888472', '2022-01-08', '+39 059 70 56 1044', 23399),
('MRTFRD22A19L219D', 'Mortati', 'Fredo', 'IT02K8785169468225344569073', '2022-01-19', '+39 37 23064022', 87633),
('BNLNGL22M01L219P', 'Bonolis', 'Angelo', 'IT75F0386505021570934352804', '2022-01-08', '+39 9006 1379795', 20666),
('MZZNNN22D01L219I', 'Mazzeo', 'Nanni', 'IT80B6589843134538634203071', '2022-01-04', '+39 4018 9908187', 12064),
('PNTGLM22A20L219X', 'Pontecorvo', 'Girolamo', 'IT86G6508308737364081819041', '2022-01-20', '+39 20 3906901', 31095),
('BFFDNT21T27L219H', 'Beffa', 'Dante', 'IT57Q7821653348095413457273', '2021-12-27', '+39 053 6714863', 81545),
('MTUCCC22A01L219E', 'Muti', 'Coluccio', 'IT87E0659815890798080925064', '2022-01-01', '+39 8419 8880080', 38395),
('PRNCLD21T30L219H', 'Peranda', 'Claudia', 'IT15I2845782705212456659772', '2021-12-30', '+39 3961 3534870', 21653),
('CBTMRS21T28L219H', 'Caboto', 'Marisa', 'IT49O1478405554357333697655', '2021-12-28', '+39 126 99 82 3096', 30519),
('LMBCRN21T30L219X', 'Lombroso', 'Cipriano', 'IT79X6766845845194610965001', '2021-12-30', '+39 50 3801989', 38589),
('ZBRFNC21T27L219G', 'Zabarella', 'Francesca', 'IT79N2711827388364958342126', '2021-12-27', '+39 26 9456777', 24201),
('PMTDNT21T25L219O', 'Pometta', 'Dante', 'IT13G6379543498854080867115', '2021-12-25', '+39 8520 97481174', 87738);
INSERT IGNORE INTO RuoloMembroTroupe(CF, nomeRuolo) VALUES 
('SCLCSN21T29L219W', 'aiuto regista'),
('RGNCSR22B01L219G', 'produttore'),
('GRMTZN21T29L219E', 'operatore fotografico'),
('VDNSLV21T27L219X', 'sceneggiatore'),
('MZZDNT22M01L219P', 'operatore fotografico'),
('GNZCLL22A21L219M', 'capo regista'),
('TMSPTT22A14L219M', 'attore'),
('SGLGMR22M01L219W', 'stilista'),
('MRTFRD22A19L219D', 'stilista'),
('BNLNGL22M01L219P', 'produttore'),
('MZZNNN22D01L219I', 'aiuto regista'),
('PNTGLM22A20L219X', 'produttore'),
('BFFDNT21T27L219H', 'aiuto regista'),
('MTUCCC22A01L219E', 'operatore fotografico'),
('PRNCLD21T30L219H', 'produttore'),
('CBTMRS21T28L219H', 'produttore esecutivo'),
('LMBCRN21T30L219X', 'sceneggiatore'),
('ZBRFNC21T27L219G', 'regista'),
('PMTDNT21T25L219O', 'operatore fonico');
INSERT IGNORE INTO Film_Membro_Troupe(codF, CF) VALUES 
(3, 'SCLCSN21T29L219W'),
(3, 'RGNCSR22B01L219G'),
(3, 'GRMTZN21T29L219E'),
(3, 'VDNSLV21T27L219X'),
(3, 'MZZDNT22M01L219P'),
(3, 'GNZCLL22A21L219M'),
(3, 'TMSPTT22A14L219M'),
(3, 'SGLGMR22M01L219W'),
(3, 'MRTFRD22A19L219D'),
(3, 'BNLNGL22M01L219P'),
(3, 'MZZNNN22D01L219I'),
(3, 'PNTGLM22A20L219X'),
(3, 'BFFDNT21T27L219H'),
(3, 'MTUCCC22A01L219E'),
(3, 'PRNCLD21T30L219H'),
(3, 'CBTMRS21T28L219H'),
(3, 'LMBCRN21T30L219X'),
(3, 'ZBRFNC21T27L219G'),
(3, 'PMTDNT21T25L219O');
INSERT IGNORE INTO ScenaCiak(codScena, noteDiProduzione, rullo, numRiprese, durataOre, costoAffittoGiornaliero, codF) VALUES
 (13395, 'Scena n. 0', 36, 51, 98, 69, 3),
 (87287, 'Scena n. 1', 69, 46, 30, 17, 3),
 (55982, 'Scena n. 2', 71, 31, 10, 22, 3),
 (31679, 'Scena n. 3', 99, 35, 92, 44, 3),
 (97636, 'Scena n. 4', 17, 29, 92, 95, 3),
 (29787, 'Scena n. 5', 44, 60, 89, 62, 3),
 (96161, 'Scena n. 6', 76, 44, 83, 78, 3),
 (11772, 'Scena n. 7', 88, 75, 64, 92, 3),
 (56099, 'Scena n. 8', 58, 87, 42, 51, 3),
 (60288, 'Scena n. 9', 47, 57, 47, 71, 3),
 (55500, 'Scena n. 10', 27, 65, 44, 56, 3),
 (13050, 'Scena n. 11', 93, 91, 39, 73, 3),
 (52392, 'Scena n. 12', 24, 73, 86, 64, 3),
 (36398, 'Scena n. 13', 97, 27, 80, 83, 3),
 (20263, 'Scena n. 14', 73, 81, 21, 88, 3),
 (36670, 'Scena n. 15', 85, 67, 91, 21, 3),
 (50289, 'Scena n. 16', 36, 61, 62, 63, 3),
 (25039, 'Scena n. 17', 31, 80, 67, 15, 3),
 (21424, 'Scena n. 18', 51, 91, 31, 89, 3);
INSERT IGNORE INTO PosizioneMagazzino(codP, numMagazzino, scaffale, percorso) VALUES
 (53019, 1, 7, 'M'),
 (63716, 1, 7, 'P'),
 (25309, 1, 9, 'Q'),
 (85357, 1, 1, 'K'),
 (77533, 1, 9, 'R'),
 (80798, 1, 3, 'I'),
 (89146, 1, 5, 'S'),
 (89742, 1, 3, 'V'),
 (58106, 1, 1, 'S'),
 (95202, 1, 8, 'X'),
 (78354, 1, 6, 'S'),
 (15387, 1, 7, 'M'),
 (47500, 1, 6, 'P'),
 (47748, 1, 6, 'A'),
 (60407, 1, 7, 'A'),
 (76886, 1, 9, 'F'),
 (76749, 1, 2, 'T'),
 (10274, 1, 7, 'R'),
 (74420, 1, 4, 'M');
INSERT IGNORE INTO Costume(codC, tipo, descrizione, CF, codP) VALUES 
 (69432, 'fantasia', 'costume di scena n.1', 'PNTGLM22A20L219X', 53019),
 (35912, 'fantasia', 'costume di scena n.2', 'SGLGMR22M01L219W', 63716),
 (30580, 'fantasia', 'costume di scena n.3', 'SCLCSN21T29L219W', 25309),
 (64447, 'epoca', 'costume di scena n.4', 'GRMTZN21T29L219E', 85357),
 (26949, 'epoca', 'costume di scena n.5', 'BFFDNT21T27L219H', 77533),
 (29921, 'epoca', 'costume di scena n.6', 'MRTFRD22A19L219D', 80798),
 (99669, 'contemporaneo', 'costume di scena n.7', 'PMTDNT21T25L219O', 89146),
 (45228, 'epoca', 'costume di scena n.8', 'VDNSLV21T27L219X', 89742),
 (17040, 'fantasia', 'costume di scena n.9', 'RGNCSR22B01L219G', 58106),
 (23252, 'fantasia', 'costume di scena n.10', 'MRTFRD22A19L219D', 95202),
 (11243, 'epoca', 'costume di scena n.11', 'BFFDNT21T27L219H', 78354),
 (66713, 'contemporaneo', 'costume di scena n.12', 'ZBRFNC21T27L219G', 15387),
 (18154, 'contemporaneo', 'costume di scena n.13', 'TMSPTT22A14L219M', 47500),
 (40372, 'contemporaneo', 'costume di scena n.14', 'TMSPTT22A14L219M', 47748),
 (77291, 'epoca', 'costume di scena n.15', 'SGLGMR22M01L219W', 60407),
 (53352, 'contemporaneo', 'costume di scena n.16', 'SCLCSN21T29L219W', 76886),
 (51411, 'epoca', 'costume di scena n.17', 'CBTMRS21T28L219H', 76749),
 (61355, 'contemporaneo', 'costume di scena n.18', 'SGLGMR22M01L219W', 10274),
 (66313, 'epoca', 'costume di scena n.19', 'GNZCLL22A21L219M', 74420);
INSERT IGNORE INTO CostumeScena(codC, codScena) VALUES 
(51411, 13395),
(45228, 11772),
(17040, 13050),
(69432, 96161),
(29921, 55982),
(61355, 21424),
(45228, 25039),
(66713, 31679),
(35912, 56099),
(66313, 13395),
(29921, 31679),
(77291, 13050),
(30580, 13050),
(18154, 56099),
(17040, 97636),
(64447, 25039),
(99669, 55500),
(18154, 36398),
(30580, 29787),
(64447, 36398),
(61355, 36670),
(26949, 60288),
(61355, 97636),
(69432, 13050),
(26949, 60288),
(29921, 60288),
(18154, 36398),
(11243, 97636),
(69432, 29787),
(45228, 31679),
(66313, 87287),
(17040, 56099),
(23252, 11772),
(40372, 29787),
(18154, 60288),
(11243, 97636),
(61355, 96161),
(29921, 11772),
(45228, 60288),
(26949, 36670),
(77291, 20263),
(11243, 96161),
(30580, 60288),
(66313, 52392),
(18154, 13395),
(35912, 50289),
(77291, 29787),
(61355, 13395),
(51411, 31679),
(17040, 13050),
(53352, 21424),
(26949, 96161),
(23252, 56099),
(40372, 29787),
(23252, 25039),
(51411, 13050),
(26949, 36670);
INSERT IGNORE INTO OggettiDiScena(codO, tipo, descrizione, codP) VALUES 
 (22003, 'motori', 'oggetto di scena n.1', 53019),
 (51744, 'strumentoMusicale', 'oggetto di scena n.2', 63716),
 (50702, 'motori', 'oggetto di scena n.3', 25309),
 (77975, 'mobili', 'oggetto di scena n.4', 85357),
 (68799, 'motori', 'oggetto di scena n.5', 77533),
 (93559, 'maschere', 'oggetto di scena n.6', 80798),
 (29847, 'arredo', 'oggetto di scena n.7', 89146),
 (59326, 'mobili', 'oggetto di scena n.8', 89742),
 (56998, 'strumentoMusicale', 'oggetto di scena n.9', 58106),
 (90628, 'mobili', 'oggetto di scena n.10', 95202),
 (53443, 'mobili', 'oggetto di scena n.11', 78354),
 (70465, 'maschere', 'oggetto di scena n.12', 15387),
 (46279, 'motori', 'oggetto di scena n.13', 47500),
 (28617, 'mobili', 'oggetto di scena n.14', 47748),
 (14298, 'arredo', 'oggetto di scena n.15', 60407),
 (36520, 'maschere', 'oggetto di scena n.16', 76886),
 (93573, 'arredo', 'oggetto di scena n.17', 76749),
 (94341, 'arredo', 'oggetto di scena n.18', 10274),
 (41867, 'armi', 'oggetto di scena n.19', 74420);
INSERT IGNORE INTO OggettoScena(codO,codScena) VALUES
(51744, 36398),
(28617, 36398),
(14298, 56099),
(50702, 29787),
(14298, 29787),
(93573, 11772),
(70465, 50289),
(50702, 55982),
(77975, 11772),
(93573, 13050),
(77975, 13050),
(51744, 55500),
(41867, 97636),
(41867, 21424),
(59326, 25039),
(94341, 55500),
(50702, 87287),
(93573, 55982),
(46279, 96161),
(93559, 87287),
(70465, 96161),
(93559, 97636),
(93559, 55982),
(50702, 60288),
(53443, 87287),
(93559, 52392),
(56998, 96161),
(90628, 87287),
(93559, 55500),
(68799, 13050),
(56998, 13050),
(29847, 31679),
(41867, 55982),
(93559, 55500),
(77975, 13050),
(93559, 96161),
(28617, 55982),
(93573, 56099),
(22003, 13050),
(22003, 50289),
(22003, 21424),
(94341, 11772),
(93559, 50289),
(68799, 96161),
(36520, 25039),
(41867, 36670),
(59326, 20263),
(56998, 13050),
(51744, 50289),
(77975, 25039),
(29847, 55500),
(46279, 13050),
(56998, 25039),
(36520, 60288),
(46279, 52392),
(14298, 20263),
(29847, 31679);
INSERT IGNORE INTO MembroTroupeScena(codScena ,CF) VALUES 
(13395, 'SCLCSN21T29L219W'),
(13395, 'PNTGLM22A20L219X'),
(13395, 'GNZCLL22A21L219M'),
(13395, 'ZBRFNC21T27L219G'),
(87287, 'PNTGLM22A20L219X'),
(87287, 'TMSPTT22A14L219M'),
(87287, 'MRTFRD22A19L219D'),
(87287, 'PMTDNT21T25L219O'),
(55982, 'VDNSLV21T27L219X'),
(55982, 'CBTMRS21T28L219H'),
(55982, 'LMBCRN21T30L219X'),
(55982, 'VDNSLV21T27L219X'),
(31679, 'MTUCCC22A01L219E'),
(31679, 'PMTDNT21T25L219O'),
(31679, 'PRNCLD21T30L219H'),
(31679, 'RGNCSR22B01L219G'),
(97636, 'BFFDNT21T27L219H'),
(97636, 'PMTDNT21T25L219O'),
(97636, 'PMTDNT21T25L219O'),
(97636, 'MRTFRD22A19L219D'),
(29787, 'SCLCSN21T29L219W'),
(29787, 'BNLNGL22M01L219P'),
(29787, 'VDNSLV21T27L219X'),
(29787, 'ZBRFNC21T27L219G'),
(96161, 'GRMTZN21T29L219E'),
(96161, 'SGLGMR22M01L219W'),
(96161, 'BNLNGL22M01L219P'),
(96161, 'LMBCRN21T30L219X'),
(11772, 'SCLCSN21T29L219W'),
(11772, 'MRTFRD22A19L219D'),
(11772, 'PRNCLD21T30L219H'),
(11772, 'GRMTZN21T29L219E'),
(56099, 'SGLGMR22M01L219W'),
(56099, 'PRNCLD21T30L219H'),
(56099, 'RGNCSR22B01L219G'),
(56099, 'BFFDNT21T27L219H'),
(60288, 'CBTMRS21T28L219H'),
(60288, 'SGLGMR22M01L219W'),
(60288, 'MRTFRD22A19L219D'),
(60288, 'MZZNNN22D01L219I'),
(55500, 'TMSPTT22A14L219M'),
(55500, 'PNTGLM22A20L219X'),
(55500, 'BFFDNT21T27L219H'),
(55500, 'MTUCCC22A01L219E'),
(13050, 'MRTFRD22A19L219D'),
(13050, 'GNZCLL22A21L219M'),
(13050, 'RGNCSR22B01L219G'),
(13050, 'LMBCRN21T30L219X'),
(52392, 'MZZDNT22M01L219P'),
(52392, 'GRMTZN21T29L219E'),
(52392, 'MZZNNN22D01L219I'),
(52392, 'BNLNGL22M01L219P'),
(36398, 'MZZDNT22M01L219P'),
(36398, 'PNTGLM22A20L219X'),
(36398, 'PMTDNT21T25L219O'),
(36398, 'SGLGMR22M01L219W'),
(20263, 'GRMTZN21T29L219E'),
(20263, 'PRNCLD21T30L219H'),
(20263, 'CBTMRS21T28L219H'),
(20263, 'PNTGLM22A20L219X'),
(36670, 'CBTMRS21T28L219H'),
(36670, 'PMTDNT21T25L219O'),
(36670, 'PMTDNT21T25L219O'),
(36670, 'MZZNNN22D01L219I'),
(50289, 'MTUCCC22A01L219E'),
(50289, 'VDNSLV21T27L219X'),
(50289, 'LMBCRN21T30L219X'),
(50289, 'LMBCRN21T30L219X'),
(25039, 'GNZCLL22A21L219M'),
(25039, 'GRMTZN21T29L219E'),
(25039, 'BFFDNT21T27L219H'),
(25039, 'CBTMRS21T28L219H'),
(21424, 'MZZDNT22M01L219P'),
(21424, 'PMTDNT21T25L219O'),
(21424, 'MRTFRD22A19L219D'),
(21424, 'CBTMRS21T28L219H');
INSERT IGNORE INTO Sponsor(P_IVA_SPONSOR, nome) VALUES 
('IT17A1400257391415529929476', 'Mastercard');
INSERT IGNORE INTO Finanziatore(P_IVA_FINANZIATORE, nome,codInd ,percentualeGuadagno) VALUES
 ('IT21L7879060638344534670713', 'ExxonMobil', 79107, 0.7768225521931286),
 ('IT73F4432037747705478673055', 'Boeing', 31398, 0.003081001990931087),
 ('IT40O4248341136748698779487', 'Wells Fargo', 79767, 0.2706892599525069),
 ('IT94V4610710215581687274769', 'Amazon', 32569, 0.9221302434206015);
INSERT IGNORE INTO Incasso(dataInizio, dataFine, incasso, codF, codInd) VALUES 
 ('1978-08-24', '1978-08-31', 8229873, 3, 16395),
 ('1978-08-31', '1978-09-07', 4077506, 3, 16395),
 ('1978-09-07', '1978-09-14', 2523589, 3, 16395),
 ('1978-09-14', '1978-09-21', 7724258, 3, 16395),
 ('1978-09-21', '1978-09-28', 1906520, 3, 16395),
 ('1978-09-28', '1978-10-05', 2782659, 3, 16395),
 ('1978-10-05', '1978-10-12', 9731800, 3, 16395),
 ('1978-10-12', '1978-10-19', 9714428, 3, 16395);
INSERT IGNORE INTO Fondo(codFondo, dataAccredito, patrimonio, P_IVA_SPONSOR, P_IVA_FINANZIATORE, codF) VALUES 
 (82088, '2011-08-10', 972596, null, 'IT21L7879060638344534670713', 3),
 (34473, '2000-05-12', 498386, null, 'IT73F4432037747705478673055', 3),
 (94602, '2017-01-29', 340422, null, 'IT40O4248341136748698779487', 3),
 (97126, '2005-12-23', 206960, null, 'IT94V4610710215581687274769', 3);
INSERT IGNORE INTO Fondo(codFondo, dataAccredito, patrimonio, P_IVA_SPONSOR, P_IVA_FINANZIATORE, codF) VALUES 
 (90624, '1975-11-14', 629487, 'IT17A1400257391415529929476', null, 3);
INSERT IGNORE INTO MembroTroupeScena(codScena ,CF) VALUES 
 (13395, 'BFFDNT21T27L219H'),
 (13395, 'MRTFRD22A19L219D'),
 (13395, 'VDNSLV21T27L219X'),
 (13395, 'PNTGLM22A20L219X'),
 (13395, 'PMTDNT21T25L219O'),
 (87287, 'MTUCCC22A01L219E'),
 (87287, 'PMTDNT21T25L219O'),
 (87287, 'BFFDNT21T27L219H'),
 (87287, 'VDNSLV21T27L219X'),
 (87287, 'GNZCLL22A21L219M'),
 (55982, 'ZBRFNC21T27L219G'),
 (55982, 'LMBCRN21T30L219X'),
 (55982, 'MRTFRD22A19L219D'),
 (55982, 'PRNCLD21T30L219H'),
 (55982, 'MZZNNN22D01L219I'),
 (31679, 'PRNCLD21T30L219H'),
 (31679, 'PMTDNT21T25L219O'),
 (31679, 'TMSPTT22A14L219M'),
 (31679, 'GNZCLL22A21L219M'),
 (31679, 'MTUCCC22A01L219E'),
 (97636, 'SGLGMR22M01L219W'),
 (97636, 'BNLNGL22M01L219P'),
 (97636, 'LMBCRN21T30L219X'),
 (97636, 'BNLNGL22M01L219P'),
 (97636, 'SGLGMR22M01L219W'),
 (29787, 'MTUCCC22A01L219E'),
 (29787, 'MRTFRD22A19L219D'),
 (29787, 'TMSPTT22A14L219M'),
 (29787, 'RGNCSR22B01L219G'),
 (29787, 'BFFDNT21T27L219H'),
 (96161, 'MRTFRD22A19L219D'),
 (96161, 'PRNCLD21T30L219H'),
 (96161, 'RGNCSR22B01L219G'),
 (96161, 'PRNCLD21T30L219H'),
 (96161, 'PNTGLM22A20L219X'),
 (11772, 'LMBCRN21T30L219X'),
 (11772, 'VDNSLV21T27L219X'),
 (11772, 'BFFDNT21T27L219H'),
 (11772, 'MZZNNN22D01L219I'),
 (11772, 'MRTFRD22A19L219D'),
 (56099, 'SGLGMR22M01L219W'),
 (56099, 'PRNCLD21T30L219H'),
 (56099, 'GRMTZN21T29L219E'),
 (56099, 'BFFDNT21T27L219H'),
 (56099, 'CBTMRS21T28L219H'),
 (60288, 'CBTMRS21T28L219H'),
 (60288, 'PNTGLM22A20L219X'),
 (60288, 'PRNCLD21T30L219H'),
 (60288, 'MZZNNN22D01L219I'),
 (60288, 'GNZCLL22A21L219M'),
 (55500, 'RGNCSR22B01L219G'),
 (55500, 'LMBCRN21T30L219X'),
 (55500, 'MRTFRD22A19L219D'),
 (55500, 'SCLCSN21T29L219W'),
 (55500, 'RGNCSR22B01L219G'),
 (13050, 'VDNSLV21T27L219X'),
 (13050, 'SGLGMR22M01L219W'),
 (13050, 'RGNCSR22B01L219G'),
 (13050, 'PNTGLM22A20L219X'),
 (13050, 'LMBCRN21T30L219X'),
 (52392, 'BFFDNT21T27L219H'),
 (52392, 'SGLGMR22M01L219W'),
 (52392, 'PNTGLM22A20L219X'),
 (52392, 'CBTMRS21T28L219H'),
 (52392, 'BNLNGL22M01L219P'),
 (36398, 'VDNSLV21T27L219X'),
 (36398, 'PMTDNT21T25L219O'),
 (36398, 'GNZCLL22A21L219M'),
 (36398, 'MRTFRD22A19L219D'),
 (36398, 'MZZNNN22D01L219I'),
 (20263, 'BNLNGL22M01L219P'),
 (20263, 'GNZCLL22A21L219M'),
 (20263, 'LMBCRN21T30L219X'),
 (20263, 'BNLNGL22M01L219P'),
 (20263, 'VDNSLV21T27L219X'),
 (36670, 'SCLCSN21T29L219W'),
 (36670, 'GRMTZN21T29L219E'),
 (36670, 'GNZCLL22A21L219M'),
 (36670, 'GNZCLL22A21L219M'),
 (36670, 'BFFDNT21T27L219H'),
 (50289, 'GRMTZN21T29L219E'),
 (50289, 'GRMTZN21T29L219E'),
 (50289, 'SCLCSN21T29L219W'),
 (50289, 'LMBCRN21T30L219X'),
 (50289, 'PMTDNT21T25L219O'),
 (25039, 'MRTFRD22A19L219D'),
 (25039, 'SGLGMR22M01L219W'),
 (25039, 'VDNSLV21T27L219X'),
 (25039, 'MZZNNN22D01L219I'),
 (25039, 'PNTGLM22A20L219X'),
 (21424, 'PMTDNT21T25L219O'),
 (21424, 'MTUCCC22A01L219E'),
 (21424, 'SCLCSN21T29L219W'),
 (21424, 'SCLCSN21T29L219W'),
 (21424, 'PRNCLD21T30L219H');
INSERT IGNORE INTO BustaPaga(codB, retribuzioneOraria, oreLavorate, mese) VALUES 
(74669, 11, 191, 'settembre'),
(34169, 44, 107, 'marzo'),
(24641, 15, 99, 'marzo'),
(24333, 54, 136, 'maggio'),
(57321, 53, 112, 'settembre'),
(51178, 34, 188, 'marzo'),
(48712, 39, 59, 'ottobre'),
(67262, 33, 73, 'ottobre'),
(39789, 13, 151, 'novembre'),
(18488, 13, 187, 'luglio'),
(50858, 27, 88, 'novembre'),
(45737, 51, 97, 'novembre'),
(38671, 33, 198, 'aprile'),
(78165, 38, 141, 'marzo'),
(77242, 34, 146, 'maggio'),
(12242, 23, 74, 'dicembre'),
(20042, 13, 188, 'agosto'),
(13910, 15, 84, 'maggio'),
(27389, 27, 173, 'settembre');
INSERT IGNORE INTO Retribuzione(CF, CodB) VALUES
('SCLCSN21T29L219W', 74669),
('RGNCSR22B01L219G', 34169),
('GRMTZN21T29L219E', 24641),
('VDNSLV21T27L219X', 24333),
('MZZDNT22M01L219P', 57321),
('GNZCLL22A21L219M', 51178),
('TMSPTT22A14L219M', 48712),
('SGLGMR22M01L219W', 67262),
('MRTFRD22A19L219D', 39789),
('BNLNGL22M01L219P', 18488),
('MZZNNN22D01L219I', 50858),
('PNTGLM22A20L219X', 45737),
('BFFDNT21T27L219H', 38671),
('MTUCCC22A01L219E', 78165),
('PRNCLD21T30L219H', 77242),
('CBTMRS21T28L219H', 12242),
('LMBCRN21T30L219X', 20042),
('ZBRFNC21T27L219G', 13910),
('PMTDNT21T25L219O', 27389);



INSERT IGNORE INTO Film(codF, titolo, genere, durata, dataUscita, idSerie)
	VALUES (4, 'ritorno al futuro II','fantascienza', 108, '1989/10/5'  , NULL); 

INSERT IGNORE INTO Indirizzo(codInd, citta, via, civico, CAP) VALUES 
(17189, 'Gioachino calabro', 'Borgo Salata', '5', 3836),
(75148, "Sesto Maurizio nell'emilia", 'Rotonda Beatrice', '4', 1701),
(34137, 'Settimo Vincenzo', 'Stretto Crispi', '52', 75848),
(26126, 'Ravaglioli laziale', 'Piazza Alboni', '1', 8999),
(17366, 'Settimo Marcello', 'Via Parini', '348', 75423),
(61666, 'Beatrice del friuli', 'Viale Piacentini', '06', 97513),
(27596, 'Ossani ligure', 'Rotonda Pacelli', '490', 92434),
(38638, 'Piccio laziale', 'Vicolo Olga', '57', 80863),
(30739, 'Borgo Antonietta salentino', 'Stretto Maffei', '82', 42429),
(11312, 'Quarto Sonia terme', 'Via Nicola', '3', 68486),
(33127, 'Gullotta calabro', 'Incrocio Ezio', '96', 92103),
(25897, 'Settimo Silvia', 'Canale Mazzeo', '254', 79197),
(37603, 'Germana salentino', 'Strada Offredi', '86', 23584),
(49311, 'Veronica umbro', 'Vicolo Cabibbo', '2', 36334),
(58643, 'Settimo Pomponio', 'Viale Calarco', '0', 44742),
(98075, 'Settimo Cesare terme', 'Via Monti', '805', 40971),
(82287, 'Donarelli umbro', 'Stretto Borghese', '91', 76566),
(97410, 'San Amedeo', 'Viale Luciana', '6', 9071),
(10831, 'Laureano ligure', 'Vicolo Annunziata', '270', 18906),
(87012, 'Bettina terme', 'Via Lucia', '1', 31816),
(52446, 'Roth calabro', 'Vicolo Damiano', '82', 99240),
(72343, 'San Saverio umbro', 'Stretto Elladio', '37', 50732),
(64197, 'Settimo Lidia ligure', 'Strada Rapisardi', '68', 71802);
INSERT IGNORE INTO MembroTroupe(CF, nome, cognome, iban, dataNascita, telefono, codInd) VALUES 
('MCHGRC22B01L219U', 'Michelangeli', 'Greca', 'IT95P8452749632423876034884', '2022-01-02', '+39 796 8375382', 17189),
('NTNMRC22C01L219B', 'Antonucci', 'Mirco', 'IT74H0005656411906562478898', '2022-01-03', '+39 438 30297264', 75148),
('RNRGNT22R01L219X', 'Renier', 'Gionata', 'IT04M5571119442619975794006', '2022-01-10', '+39 2686 8332345', 34137),
('GLTPLG22A21L219J', 'Giolitti', 'Pierluigi', 'IT76C6534666438266667694038', '2022-01-21', '+39 9554 80696321', 26126),
('TCCSNT22A13L219C', 'Taccola', 'Simonetta', 'IT32R4970091962625642718199', '2022-01-13', '+39 490 83805186', 17366),
('GCMRSL22A20L219U', 'Giacometti', 'Rosalia', 'IT35I3297668556656245001274', '2022-01-20', '+39 954 50617959', 61666),
('GRNGTV22A19L219F', 'Guarana', 'Gustavo', 'IT36L0011249721012265301831', '2022-01-19', '+39 7514 89442469', 27596),
('CRDGNI21T31L219U', 'Coardi', 'Gino', 'IT73Y3015212487871276606233', '2021-12-31', '+39 157 65604461', 38638),
('SBRDNC21T28L219V', 'Sobrero', 'Domenico', 'IT94E4662160162549751285298', '2021-12-28', '+39 952 3605476', 30739),
('MRSMGH21T31L219M', 'Morosini', 'Margherita', 'IT30B9814004709207009311913', '2021-12-31', '+39 76 9824066', 11312),
('FRMMHL22A20L219H', 'Fermi', 'Michelotto', 'IT19Q4719999760498832583513', '2022-01-20', '+39 29 36822266', 33127),
('BNGLGU22E01L219Y', 'Binaghi', 'Luigi', 'IT20Q6840894345808762463349', '2022-01-05', '+39 3678 0865410', 25897),
('GLRDNT22A20L219V', 'Gilardoni', 'Durante', 'IT35X1841730651320743103364', '2022-01-20', '+39 87 31985412', 37603),
('LRUGZN22M01L219M', 'Luria', 'Graziano', 'IT31Q1720018259846599535853', '2022-01-08', '+39 765 57275718', 49311),
('PZZGSL22A22L219D', 'Pizzo', 'Griselda', 'IT42S0288471677944858739095', '2022-01-22', '+39 02 34221371', 58643),
('CMUTTR22H01L219P', 'Cuomo', 'Ettore', 'IT76C3228538606656884297989', '2022-01-06', '+39 6141 32870028', 98075),
('TMBFTN22A18L219U', 'Tamburi', 'Fortunata', 'IT08S7376206810893164727971', '2022-01-18', '+39 473 4674549', 82287),
('BLZLCI22A13L219I', 'Bulzoni', 'Licia', 'IT17V4115726432209404193711', '2022-01-13', '+39 5168 10733159', 97410),
('MNTLCU22D01L219D', 'Monte', 'Lucia', 'IT53O5024774285360269246212', '2022-01-04', '+39 46 97441807', 10831);
INSERT IGNORE INTO RuoloMembroTroupe(CF, nomeRuolo) VALUES 
('MCHGRC22B01L219U', 'aiuto regista'),
('NTNMRC22C01L219B', 'produttore esecutivo'),
('RNRGNT22R01L219X', 'sceneggiatore'),
('GLTPLG22A21L219J', 'attore'),
('TCCSNT22A13L219C', 'produttore esecutivo'),
('GCMRSL22A20L219U', 'sceneggiatore'),
('GRNGTV22A19L219F', 'aiuto regista'),
('CRDGNI21T31L219U', 'stilista'),
('SBRDNC21T28L219V', 'sceneggiatore'),
('MRSMGH21T31L219M', 'operatore fotografico'),
('FRMMHL22A20L219H', 'regista'),
('BNGLGU22E01L219Y', 'attore'),
('GLRDNT22A20L219V', 'aiuto regista'),
('LRUGZN22M01L219M', 'produttore esecutivo'),
('PZZGSL22A22L219D', 'aiuto regista'),
('CMUTTR22H01L219P', 'regista'),
('TMBFTN22A18L219U', 'produttore esecutivo'),
('BLZLCI22A13L219I', 'attore'),
('MNTLCU22D01L219D', 'operatore fotografico');
INSERT IGNORE INTO Film_Membro_Troupe(codF, CF) VALUES 
(3, 'MCHGRC22B01L219U'),
(3, 'NTNMRC22C01L219B'),
(3, 'RNRGNT22R01L219X'),
(3, 'GLTPLG22A21L219J'),
(3, 'TCCSNT22A13L219C'),
(3, 'GCMRSL22A20L219U'),
(3, 'GRNGTV22A19L219F'),
(3, 'CRDGNI21T31L219U'),
(3, 'SBRDNC21T28L219V'),
(3, 'MRSMGH21T31L219M'),
(3, 'FRMMHL22A20L219H'),
(3, 'BNGLGU22E01L219Y'),
(3, 'GLRDNT22A20L219V'),
(3, 'LRUGZN22M01L219M'),
(3, 'PZZGSL22A22L219D'),
(3, 'CMUTTR22H01L219P'),
(3, 'TMBFTN22A18L219U'),
(3, 'BLZLCI22A13L219I'),
(3, 'MNTLCU22D01L219D');
INSERT IGNORE INTO ScenaCiak(codScena, noteDiProduzione, rullo, numRiprese, durataOre, costoAffittoGiornaliero, codF) VALUES
 (18129, 'Scena n. 0', 27, 93, 60, 36, 3),
 (40561, 'Scena n. 1', 41, 38, 96, 93, 3),
 (89934, 'Scena n. 2', 99, 31, 53, 75, 3),
 (44786, 'Scena n. 3', 30, 52, 75, 71, 3),
 (25236, 'Scena n. 4', 49, 41, 97, 57, 3),
 (82304, 'Scena n. 5', 13, 68, 96, 62, 3),
 (20472, 'Scena n. 6', 59, 57, 90, 60, 3),
 (76663, 'Scena n. 7', 17, 32, 64, 95, 3),
 (78634, 'Scena n. 8', 17, 99, 51, 16, 3),
 (12205, 'Scena n. 9', 56, 32, 54, 22, 3),
 (44975, 'Scena n. 10', 82, 33, 29, 63, 3),
 (68001, 'Scena n. 11', 74, 97, 60, 33, 3),
 (56866, 'Scena n. 12', 78, 25, 52, 93, 3),
 (91338, 'Scena n. 13', 31, 75, 21, 82, 3),
 (80461, 'Scena n. 14', 37, 65, 56, 21, 3),
 (51439, 'Scena n. 15', 81, 23, 77, 63, 3),
 (56683, 'Scena n. 16', 30, 22, 11, 27, 3),
 (37925, 'Scena n. 17', 52, 61, 95, 96, 3),
 (91951, 'Scena n. 18', 48, 20, 11, 32, 3);
INSERT IGNORE INTO PosizioneMagazzino(codP, numMagazzino, scaffale, percorso) VALUES
 (77406, 1, 8, 'U'),
 (88206, 1, 2, 'M'),
 (92934, 1, 6, 'G'),
 (31781, 1, 5, 'K'),
 (69078, 1, 7, 'S'),
 (50480, 1, 7, 'R'),
 (23540, 1, 1, 'V'),
 (12751, 1, 8, 'D'),
 (53510, 1, 7, 'G'),
 (19106, 1, 8, 'P'),
 (21172, 1, 2, 'R'),
 (70635, 1, 2, 'P'),
 (53134, 1, 5, 'G'),
 (25032, 1, 1, 'K'),
 (47510, 1, 2, 'X'),
 (62334, 1, 6, 'Q'),
 (37891, 1, 2, 'X'),
 (21417, 1, 6, 'Y'),
 (52644, 1, 8, 'D');
INSERT IGNORE INTO Costume(codC, tipo, descrizione, CF, codP) VALUES 
 (34675, 'contemporaneo', 'costume di scena n.1', 'FRMMHL22A20L219H', 77406),
 (95264, 'contemporaneo', 'costume di scena n.2', 'CRDGNI21T31L219U', 88206),
 (40989, 'contemporaneo', 'costume di scena n.3', 'TMBFTN22A18L219U', 92934),
 (14948, 'fantasia', 'costume di scena n.4', 'FRMMHL22A20L219H', 31781),
 (10504, 'contemporaneo', 'costume di scena n.5', 'TMBFTN22A18L219U', 69078),
 (29680, 'fantasia', 'costume di scena n.6', 'TMBFTN22A18L219U', 50480),
 (64104, 'fantasia', 'costume di scena n.7', 'LRUGZN22M01L219M', 23540),
 (32595, 'contemporaneo', 'costume di scena n.8', 'TCCSNT22A13L219C', 12751),
 (18497, 'fantasia', 'costume di scena n.9', 'MCHGRC22B01L219U', 53510),
 (49248, 'contemporaneo', 'costume di scena n.10', 'GRNGTV22A19L219F', 19106),
 (58684, 'epoca', 'costume di scena n.11', 'GLTPLG22A21L219J', 21172),
 (63844, 'epoca', 'costume di scena n.12', 'PZZGSL22A22L219D', 70635),
 (16802, 'epoca', 'costume di scena n.13', 'MRSMGH21T31L219M', 53134),
 (66689, 'epoca', 'costume di scena n.14', 'GLTPLG22A21L219J', 25032),
 (63500, 'fantasia', 'costume di scena n.15', 'CRDGNI21T31L219U', 47510),
 (94584, 'epoca', 'costume di scena n.16', 'TCCSNT22A13L219C', 62334),
 (29214, 'fantasia', 'costume di scena n.17', 'BNGLGU22E01L219Y', 37891),
 (10525, 'contemporaneo', 'costume di scena n.18', 'MNTLCU22D01L219D', 21417),
 (93150, 'contemporaneo', 'costume di scena n.19', 'GLTPLG22A21L219J', 52644);
INSERT IGNORE INTO CostumeScena(codC, codScena) VALUES 
(49248, 40561),
(10525, 51439),
(66689, 25236),
(10525, 25236),
(16802, 44786),
(94584, 40561),
(10504, 40561),
(18497, 91338),
(29680, 20472),
(63500, 12205),
(29214, 91338),
(29680, 56866),
(63500, 68001),
(14948, 51439),
(94584, 44975),
(29680, 56866),
(16802, 12205),
(63844, 44975),
(49248, 80461),
(29680, 56683),
(29680, 82304),
(32595, 89934),
(49248, 20472),
(16802, 76663),
(64104, 44975),
(64104, 56866),
(32595, 68001),
(58684, 40561),
(64104, 40561),
(49248, 20472),
(10504, 56866),
(14948, 44786),
(14948, 91951),
(10525, 18129),
(49248, 20472),
(58684, 56866),
(94584, 91338),
(64104, 40561),
(63500, 68001),
(29214, 18129),
(58684, 82304),
(58684, 51439),
(32595, 56683),
(14948, 91338),
(63844, 44975),
(66689, 20472),
(63844, 12205),
(63844, 44975),
(40989, 12205),
(16802, 68001),
(29680, 40561),
(95264, 20472),
(58684, 91951),
(64104, 51439),
(94584, 91338),
(64104, 56683),
(94584, 76663);
INSERT IGNORE INTO OggettiDiScena(codO, tipo, descrizione, codP) VALUES 
 (54907, 'strumentoMusicale', 'oggetto di scena n.1', 77406),
 (98140, 'maschere', 'oggetto di scena n.2', 88206),
 (52277, 'armi', 'oggetto di scena n.3', 92934),
 (74726, 'strumentoMusicale', 'oggetto di scena n.4', 31781),
 (95858, 'mobili', 'oggetto di scena n.5', 69078),
 (21164, 'strumentoMusicale', 'oggetto di scena n.6', 50480),
 (57869, 'strumentoMusicale', 'oggetto di scena n.7', 23540),
 (77038, 'motori', 'oggetto di scena n.8', 12751),
 (29028, 'armi', 'oggetto di scena n.9', 53510),
 (27878, 'strumentoMusicale', 'oggetto di scena n.10', 19106),
 (45990, 'armi', 'oggetto di scena n.11', 21172),
 (15989, 'armi', 'oggetto di scena n.12', 70635),
 (99989, 'armi', 'oggetto di scena n.13', 53134),
 (43294, 'motori', 'oggetto di scena n.14', 25032),
 (59216, 'motori', 'oggetto di scena n.15', 47510),
 (34491, 'armi', 'oggetto di scena n.16', 62334),
 (74941, 'strumentoMusicale', 'oggetto di scena n.17', 37891),
 (78610, 'arredo', 'oggetto di scena n.18', 21417),
 (44223, 'mobili', 'oggetto di scena n.19', 52644);
INSERT IGNORE INTO OggettoScena(codO,codScena) VALUES
(15989, 37925),
(57869, 78634),
(59216, 82304),
(99989, 56683),
(43294, 12205),
(74941, 78634),
(74941, 51439),
(98140, 20472),
(54907, 37925),
(43294, 25236),
(44223, 44786),
(77038, 91338),
(52277, 12205),
(15989, 82304),
(21164, 12205),
(52277, 91338),
(15989, 80461),
(43294, 80461),
(77038, 44786),
(43294, 78634),
(45990, 37925),
(54907, 44975),
(43294, 20472),
(43294, 91338),
(77038, 18129),
(15989, 56683),
(57869, 91951),
(45990, 91338),
(44223, 56866),
(78610, 89934),
(21164, 91338),
(54907, 37925),
(99989, 56866),
(59216, 18129),
(95858, 44786),
(45990, 91338),
(27878, 37925),
(98140, 91951),
(52277, 78634),
(21164, 76663),
(59216, 80461),
(21164, 12205),
(98140, 40561),
(95858, 44975),
(15989, 51439),
(74941, 51439),
(95858, 80461),
(74941, 82304),
(52277, 76663),
(27878, 25236),
(45990, 91338),
(44223, 78634),
(21164, 20472),
(77038, 51439),
(21164, 12205),
(15989, 91338),
(52277, 68001);
INSERT IGNORE INTO MembroTroupeScena(codScena ,CF) VALUES 
(18129, 'GCMRSL22A20L219U'),
(18129, 'CRDGNI21T31L219U'),
(18129, 'MNTLCU22D01L219D'),
(18129, 'CMUTTR22H01L219P'),
(40561, 'MCHGRC22B01L219U'),
(40561, 'GLTPLG22A21L219J'),
(40561, 'CRDGNI21T31L219U'),
(40561, 'RNRGNT22R01L219X'),
(89934, 'NTNMRC22C01L219B'),
(89934, 'PZZGSL22A22L219D'),
(89934, 'GLTPLG22A21L219J'),
(89934, 'PZZGSL22A22L219D'),
(44786, 'BLZLCI22A13L219I'),
(44786, 'MCHGRC22B01L219U'),
(44786, 'NTNMRC22C01L219B'),
(44786, 'LRUGZN22M01L219M'),
(25236, 'BLZLCI22A13L219I'),
(25236, 'MNTLCU22D01L219D'),
(25236, 'LRUGZN22M01L219M'),
(25236, 'PZZGSL22A22L219D'),
(82304, 'MCHGRC22B01L219U'),
(82304, 'GLTPLG22A21L219J'),
(82304, 'BLZLCI22A13L219I'),
(82304, 'TMBFTN22A18L219U'),
(20472, 'TCCSNT22A13L219C'),
(20472, 'NTNMRC22C01L219B'),
(20472, 'RNRGNT22R01L219X'),
(20472, 'MNTLCU22D01L219D'),
(76663, 'MRSMGH21T31L219M'),
(76663, 'MRSMGH21T31L219M'),
(76663, 'MRSMGH21T31L219M'),
(76663, 'BLZLCI22A13L219I'),
(78634, 'SBRDNC21T28L219V'),
(78634, 'MRSMGH21T31L219M'),
(78634, 'GRNGTV22A19L219F'),
(78634, 'CMUTTR22H01L219P'),
(12205, 'TCCSNT22A13L219C'),
(12205, 'MRSMGH21T31L219M'),
(12205, 'PZZGSL22A22L219D'),
(12205, 'GLRDNT22A20L219V'),
(44975, 'MNTLCU22D01L219D'),
(44975, 'GCMRSL22A20L219U'),
(44975, 'BLZLCI22A13L219I'),
(44975, 'NTNMRC22C01L219B'),
(68001, 'NTNMRC22C01L219B'),
(68001, 'MNTLCU22D01L219D'),
(68001, 'GLRDNT22A20L219V'),
(68001, 'GRNGTV22A19L219F'),
(56866, 'BNGLGU22E01L219Y'),
(56866, 'BLZLCI22A13L219I'),
(56866, 'TCCSNT22A13L219C'),
(56866, 'LRUGZN22M01L219M'),
(91338, 'SBRDNC21T28L219V'),
(91338, 'LRUGZN22M01L219M'),
(91338, 'MRSMGH21T31L219M'),
(91338, 'FRMMHL22A20L219H'),
(80461, 'BNGLGU22E01L219Y'),
(80461, 'PZZGSL22A22L219D'),
(80461, 'BLZLCI22A13L219I'),
(80461, 'NTNMRC22C01L219B'),
(51439, 'GRNGTV22A19L219F'),
(51439, 'TCCSNT22A13L219C'),
(51439, 'BNGLGU22E01L219Y'),
(51439, 'LRUGZN22M01L219M'),
(56683, 'MRSMGH21T31L219M'),
(56683, 'CMUTTR22H01L219P'),
(56683, 'BNGLGU22E01L219Y'),
(56683, 'GLRDNT22A20L219V'),
(37925, 'TMBFTN22A18L219U'),
(37925, 'CRDGNI21T31L219U'),
(37925, 'LRUGZN22M01L219M'),
(37925, 'GLRDNT22A20L219V'),
(91951, 'MRSMGH21T31L219M'),
(91951, 'PZZGSL22A22L219D'),
(91951, 'SBRDNC21T28L219V'),
(91951, 'RNRGNT22R01L219X');
INSERT IGNORE INTO Sponsor(P_IVA_SPONSOR, nome) VALUES 
('IT20J0403274273650351154544', 'Wells Fargo');
INSERT IGNORE INTO Finanziatore(P_IVA_FINANZIATORE, nome,codInd ,percentualeGuadagno) VALUES
 ('IT97B5367838447700495746945', 'Alphabet', 87012, 0.6238045109948365),
 ('IT39Z5931961481917340684146', 'PepsiCo', 52446, 0.6967461220226286),
 ('IT71Z3684259096011104387241', 'Bank of America', 72343, 0.43081121146072),
 ('IT02Z8473238389232093907072', 'Intel', 64197, 0.4597768264971833);
INSERT IGNORE INTO Incasso(dataInizio, dataFine, incasso, codF, codInd) VALUES 
 ('2006-09-02', '2006-09-09', 1954202, 3, 16395),
 ('2006-09-09', '2006-09-16', 2202115, 3, 16395),
 ('2006-09-16', '2006-09-23', 8206921, 3, 16395),
 ('2006-09-23', '2006-09-30', 7539753, 3, 16395),
 ('2006-09-30', '2006-10-07', 6950838, 3, 16395),
 ('2006-10-07', '2006-10-14', 9461092, 3, 16395),
 ('2006-10-14', '2006-10-21', 6987295, 3, 16395),
 ('2006-10-21', '2006-10-28', 1043863, 3, 16395);
INSERT IGNORE INTO Fondo(codFondo, dataAccredito, patrimonio, P_IVA_SPONSOR, P_IVA_FINANZIATORE, codF) VALUES 
 (62883, '2021-09-06', 205290, null, 'IT97B5367838447700495746945', 3),
 (42624, '1998-10-06', 781649, null, 'IT39Z5931961481917340684146', 3),
 (25790, '2013-04-16', 869131, null, 'IT71Z3684259096011104387241', 3),
 (86979, '2020-01-22', 234703, null, 'IT02Z8473238389232093907072', 3);
INSERT IGNORE INTO Fondo(codFondo, dataAccredito, patrimonio, P_IVA_SPONSOR, P_IVA_FINANZIATORE, codF) VALUES 
 (87235, '1997-06-13', 809811, 'IT20J0403274273650351154544', null, 3);
INSERT IGNORE INTO MembroTroupeScena(codScena ,CF) VALUES 
 (18129, 'SBRDNC21T28L219V'),
 (18129, 'GLTPLG22A21L219J'),
 (18129, 'GLTPLG22A21L219J'),
 (18129, 'CMUTTR22H01L219P'),
 (18129, 'BNGLGU22E01L219Y'),
 (40561, 'GLRDNT22A20L219V'),
 (40561, 'MCHGRC22B01L219U'),
 (40561, 'TCCSNT22A13L219C'),
 (40561, 'TMBFTN22A18L219U'),
 (40561, 'NTNMRC22C01L219B'),
 (89934, 'FRMMHL22A20L219H'),
 (89934, 'GLTPLG22A21L219J'),
 (89934, 'NTNMRC22C01L219B'),
 (89934, 'GRNGTV22A19L219F'),
 (89934, 'TMBFTN22A18L219U'),
 (44786, 'GRNGTV22A19L219F'),
 (44786, 'PZZGSL22A22L219D'),
 (44786, 'FRMMHL22A20L219H'),
 (44786, 'SBRDNC21T28L219V'),
 (44786, 'BLZLCI22A13L219I'),
 (25236, 'SBRDNC21T28L219V'),
 (25236, 'PZZGSL22A22L219D'),
 (25236, 'BLZLCI22A13L219I'),
 (25236, 'SBRDNC21T28L219V'),
 (25236, 'TCCSNT22A13L219C'),
 (82304, 'MCHGRC22B01L219U'),
 (82304, 'SBRDNC21T28L219V'),
 (82304, 'FRMMHL22A20L219H'),
 (82304, 'FRMMHL22A20L219H'),
 (82304, 'TMBFTN22A18L219U'),
 (20472, 'SBRDNC21T28L219V'),
 (20472, 'MCHGRC22B01L219U'),
 (20472, 'GRNGTV22A19L219F'),
 (20472, 'RNRGNT22R01L219X'),
 (20472, 'MCHGRC22B01L219U'),
 (76663, 'GRNGTV22A19L219F'),
 (76663, 'GLRDNT22A20L219V'),
 (76663, 'CRDGNI21T31L219U'),
 (76663, 'TMBFTN22A18L219U'),
 (76663, 'BNGLGU22E01L219Y'),
 (78634, 'CMUTTR22H01L219P'),
 (78634, 'LRUGZN22M01L219M'),
 (78634, 'PZZGSL22A22L219D'),
 (78634, 'MRSMGH21T31L219M'),
 (78634, 'RNRGNT22R01L219X'),
 (12205, 'CRDGNI21T31L219U'),
 (12205, 'LRUGZN22M01L219M'),
 (12205, 'GLRDNT22A20L219V'),
 (12205, 'LRUGZN22M01L219M'),
 (12205, 'PZZGSL22A22L219D'),
 (44975, 'GLRDNT22A20L219V'),
 (44975, 'NTNMRC22C01L219B'),
 (44975, 'FRMMHL22A20L219H'),
 (44975, 'CRDGNI21T31L219U'),
 (44975, 'CMUTTR22H01L219P'),
 (68001, 'TCCSNT22A13L219C'),
 (68001, 'RNRGNT22R01L219X'),
 (68001, 'BLZLCI22A13L219I'),
 (68001, 'GRNGTV22A19L219F'),
 (68001, 'CRDGNI21T31L219U'),
 (56866, 'GRNGTV22A19L219F'),
 (56866, 'SBRDNC21T28L219V'),
 (56866, 'BNGLGU22E01L219Y'),
 (56866, 'CRDGNI21T31L219U'),
 (56866, 'TMBFTN22A18L219U'),
 (91338, 'MCHGRC22B01L219U'),
 (91338, 'GCMRSL22A20L219U'),
 (91338, 'CRDGNI21T31L219U'),
 (91338, 'GCMRSL22A20L219U'),
 (91338, 'LRUGZN22M01L219M'),
 (80461, 'BNGLGU22E01L219Y'),
 (80461, 'FRMMHL22A20L219H'),
 (80461, 'TCCSNT22A13L219C'),
 (80461, 'MCHGRC22B01L219U'),
 (80461, 'MRSMGH21T31L219M'),
 (51439, 'TMBFTN22A18L219U'),
 (51439, 'CMUTTR22H01L219P'),
 (51439, 'RNRGNT22R01L219X'),
 (51439, 'GCMRSL22A20L219U'),
 (51439, 'CMUTTR22H01L219P'),
 (56683, 'TCCSNT22A13L219C'),
 (56683, 'SBRDNC21T28L219V'),
 (56683, 'MCHGRC22B01L219U'),
 (56683, 'MNTLCU22D01L219D'),
 (56683, 'PZZGSL22A22L219D'),
 (37925, 'RNRGNT22R01L219X'),
 (37925, 'SBRDNC21T28L219V'),
 (37925, 'SBRDNC21T28L219V'),
 (37925, 'TMBFTN22A18L219U'),
 (37925, 'SBRDNC21T28L219V'),
 (91951, 'FRMMHL22A20L219H'),
 (91951, 'TMBFTN22A18L219U'),
 (91951, 'LRUGZN22M01L219M'),
 (91951, 'GLTPLG22A21L219J'),
 (91951, 'MNTLCU22D01L219D');
INSERT IGNORE INTO BustaPaga(codB, retribuzioneOraria, oreLavorate, mese) VALUES 
(86040, 40, 56, 'agosto'),
(15515, 15, 79, 'dicembre'),
(39453, 17, 71, 'maggio'),
(18634, 47, 137, 'febbraio'),
(75551, 36, 188, 'febbraio'),
(93741, 52, 163, 'dicembre'),
(32993, 19, 185, 'dicembre'),
(36414, 19, 111, 'novembre'),
(63877, 24, 67, 'settembre'),
(60261, 19, 93, 'aprile'),
(55376, 53, 87, 'gennaio'),
(34582, 16, 148, 'maggio'),
(37216, 43, 170, 'agosto'),
(81418, 50, 101, 'aprile'),
(19865, 14, 111, 'marzo'),
(31141, 46, 198, 'luglio'),
(33550, 40, 46, 'febbraio'),
(48471, 38, 182, 'febbraio'),
(18323, 38, 88, 'novembre');
INSERT IGNORE INTO Retribuzione(CF, CodB) VALUES
('MCHGRC22B01L219U', 86040),
('NTNMRC22C01L219B', 15515),
('RNRGNT22R01L219X', 39453),
('GLTPLG22A21L219J', 18634),
('TCCSNT22A13L219C', 75551),
('GCMRSL22A20L219U', 93741),
('GRNGTV22A19L219F', 32993),
('CRDGNI21T31L219U', 36414),
('SBRDNC21T28L219V', 63877),
('MRSMGH21T31L219M', 60261),
('FRMMHL22A20L219H', 55376),
('BNGLGU22E01L219Y', 34582),
('GLRDNT22A20L219V', 37216),
('LRUGZN22M01L219M', 81418),
('PZZGSL22A22L219D', 19865),
('CMUTTR22H01L219P', 31141),
('TMBFTN22A18L219U', 33550),
('BLZLCI22A13L219I', 48471),
('MNTLCU22D01L219D', 18323);